Pub / Bar Name,Address,City,Category,Rating,Reviews Count,Opening Time,Closing Time,Happy Hours,Entry Fee,Couple Entry Fee,Stag Entry Fee,Average Cost for Two,Expected Budget Per Person,Speciality,Best For,Music Type,Dance Floor,Live Music,DJ Night,Alcohol Available,Hookah Available,Smoking Zone,Food Availability,Dress Code,Parking,Online Reservation,Best Time to Visit,Crowd Level,Nearby Attractions,Verification Status
Theeram Kitchen & Bar,"47-10-34 & 35, Sreekanya Road",Visakhapatnam,Bar,4.8,58.0,12:00 PM,11:30 PM,4:00 PM - 7:00 PM,Free Entry,Free Entry,Free Entry,₹2500 - ₹4000,₹1500,Luxury hotel bar with premium ambience at Fortune Inn Srikanya,"Couples, Corporate parties, Fine dining",Lounge Music,No,No,No,Yes,No,Designated area,Full food menu - Continental and Indian,Smart casuals,Valet parking,Yes,Weekend evenings,"Moderate on weekdays, High on weekends","Sreekanya Road, Siripuram Junction, Waltair Main Road",Verified nightlife place
Embers Multi-Cuisine Restaurant And Bar,"Hotel Meghalaya Ram, Waltair Main Rd",Visakhapatnam,Bar,4.1,28.0,11:00 AM,11:00 PM,3:00 PM - 7:00 PM,Free Entry,Free Entry,Free Entry,₹1500 - ₹2500,₹900,Budget-friendly multi-cuisine bar at Hotel Meghalaya,"Friends outing, Budget dining",Bollywood / Lounge Music,No,No,No,Yes,No,Yes,Multi-cuisine full menu available,Casual dressing allowed,Street parking,No,Evening hours,Low to moderate,Waltair Main Road,Verified nightlife place
Mustang Bar,"P884+684, Waltair Main Rd",Visakhapatnam,Bar,3.8,176.0,11:00 AM,11:30 PM,4:00 PM - 7:00 PM,Free Entry,Free Entry,Free Entry,₹1200 - ₹2000,₹700,Popular local pub on Waltair Main Road,"Friends outing, Budget nightlife",Bollywood / Retro Music,No,No,No,Yes,No,Yes,Bar snacks and full menu available,Casual dressing allowed,Street parking,No,"Evening hours, Friday nights",High on weekends,"Waltair Main Road, Siripuram",Verified nightlife place
Shiva Reddy Restobar,nan,Visakhapatnam,Bar & grill,4.8,9.0,12:00 PM,11:00 PM,4:00 PM - 7:00 PM,Free Entry,Free Entry,Free Entry,₹1000 - ₹2000,₹700,Bar and grill restobar in Vizag,"Friends, Budget outing",Bollywood,No,No,No,Yes,No,Yes,Bar and grill menu,Casual,Street parking,No,Evening hours,Moderate,Visakhapatnam City,Estimated timings - verify before visit
Savera Restaurant And Bar,"P8F5+XFC, Rama Talkies Rd",Visakhapatnam,Wine bar,3.5,952.0,11:00 AM,11:00 PM,4:00 PM - 7:00 PM,Free Entry,Free Entry,Free Entry,₹1000 - ₹2000,₹700,Local bar and restaurant,"Friends outing, Budget dining",Background Music,No,No,No,Yes,No,Yes,Full food menu available,Casual dressing allowed,Street parking,No,Evening hours,Moderate,Visakhapatnam City Centre,Estimated timings - verify before visit
Mekong Restaurant,"Hotel Green Park, Ram Nagar LIG 1/IV, Ram Nagar Rd",Visakhapatnam,Bar,4.5,1763.0,11:00 AM,11:00 PM,4:00 PM - 7:00 PM,Free Entry,Free Entry,Free Entry,₹1000 - ₹2000,₹700,Local bar and restaurant,"Friends outing, Budget dining",Background Music,No,No,No,Yes,No,Yes,Full food menu available,Casual dressing allowed,Street parking,No,Evening hours,Moderate,Visakhapatnam City Centre,Estimated timings - verify before visit
Moon Bar & Kitchen,"4th floor, VIP Rd, above Westside",Visakhapatnam,Pub,4.2,737.0,12:00 PM,12:00 AM,4:00 PM - 7:00 PM,Free Entry,Free Entry,Free Entry,₹2000 - ₹3500,₹1200,Rooftop lounge above Westside with DJ nights,"Couples, Friends, Weekend party, DJ lovers",DJ Night / EDM / Bollywood,Yes,No,Yes,Yes,Yes,Yes,Continental and Asian food menu,"Smart casuals, Party wear preferred",Limited parking,Yes,Friday and Saturday nights,"High on weekends, peak after 9 PM","CMR Central, Siripuram, VIP Road",Verified nightlife place
Noise Cosmic House,"2nd Floor, D. no 10-50-12, Siripuram, 9-Block, Waltair Main Rd, opposite Governor Bungalow, beside Reliance Trends",Visakhapatnam,Pub,4.4,1957.0,05:00 PM,01:00 AM,5:00 PM - 8:00 PM,₹500 Cover Charge,₹800 Couple Entry,₹1500 Stag Entry,₹3000 - ₹5000,₹2000,Best nightclub in Vizag with premium DJ nights,"Friends, Birthday parties, Bachelor parties, DJ lovers",EDM / DJ Night / Bollywood,Yes,No,Yes,Yes,Yes,Yes,Bar snacks and continental food,"Party wear preferred, No slippers allowed",Limited parking near Siripuram,Yes,Friday and Saturday nights,Very crowded on Saturday nights,"Siripuram Junction, Governor Bungalow, VIP Road",Verified nightlife place
Xtreme Gaming Pub,"48-10-40, near buddhil park hotel",Visakhapatnam,Pool hall,4.8,440.0,11:00 AM,11:00 PM,4:00 PM - 7:00 PM,Free Entry,Free Entry,Free Entry,₹1000 - ₹2000,₹700,Local bar and restaurant,"Friends outing, Budget dining",Background Music,No,No,No,Yes,No,Yes,Full food menu available,Casual dressing allowed,Street parking,No,Evening hours,Moderate,Visakhapatnam City Centre,Estimated timings - verify before visit
Ravi Reddy Bar N Restaurant,11-06-2013,Visakhapatnam,Bar,3.6,102.0,11:00 AM,11:00 PM,4:00 PM - 7:00 PM,Free Entry,Free Entry,Free Entry,₹1000 - ₹2000,₹700,Local bar and restaurant,"Friends outing, Budget dining",Background Music,No,No,No,Yes,No,Yes,Full food menu available,Casual dressing allowed,Street parking,No,Evening hours,Moderate,Visakhapatnam City Centre,Estimated timings - verify before visit
Myz - Uno Vizag,"Central building, 4, VIP Rd",Visakhapatnam,Brewery,4.4,11763.0,12:00 PM,01:00 AM,4:00 PM - 7:00 PM,Free Entry,Free Entry,Free Entry,₹2500 - ₹4500,₹1500,Brewery and club combo - craft beer and DJ nights on VIP Road,"Friends, Couples, Weekend nightlife, Craft beer lovers",DJ Night / EDM / Bollywood,Yes,No,Yes,Yes,Yes,Yes,Full multi-cuisine menu available,"Smart casuals, No slippers",Limited street parking on VIP Road,Yes,"Weekend evenings, DJ nights on Friday & Saturday",Very crowded on weekends,"VIP Road, CMR Central, Siripuram",Verified nightlife place
Horizon Restaurant,"7th floor, Dolphin Hotel, 75 Feet Road, Daba Garden Rd",Visakhapatnam,Restaurant,4.3,1936.0,12:00 PM,11:30 PM,4:00 PM - 7:00 PM,Free Entry,Free Entry,Free Entry,₹3000 - ₹5000,₹1800,7th floor sea-view restaurant with live music at Dolphin Hotel,"Couples, Family dining, Corporate parties",Live Music / Lounge Music,No,Yes,No,Yes,No,Designated area,"Buffet, Seafood, Continental, Chinese",Smart casuals,Valet parking at Dolphin Hotel,Yes,"Weekend evenings, Sunset hours","Moderate, peak on weekends","Daba Garden, Beach Road, RK Beach",Verified nightlife place
Sri Sai Ram Restaurant & Bar,"28-9-40/5, Raja Rammohan Roy Rd",Visakhapatnam,Bar,3.5,55.0,11:00 AM,11:00 PM,4:00 PM - 7:00 PM,Free Entry,Free Entry,Free Entry,₹1000 - ₹2000,₹700,Local bar and restaurant,"Friends outing, Budget dining",Background Music,No,No,No,Yes,No,Yes,Full food menu available,Casual dressing allowed,Street parking,No,Evening hours,Moderate,Visakhapatnam City Centre,Estimated timings - verify before visit
M/S. Dwaraka Restaurant & Bar,"48-19-2, Waltair Station Approach Rd",Visakhapatnam,Bar,4.0,3.0,11:00 AM,11:00 PM,4:00 PM - 7:00 PM,Free Entry,Free Entry,Free Entry,₹1000 - ₹2000,₹700,Local bar and restaurant,"Friends outing, Budget dining",Background Music,No,No,No,Yes,No,Yes,Full food menu available,Casual dressing allowed,Street parking,No,Evening hours,Moderate,Visakhapatnam City Centre,Estimated timings - verify before visit
Sarigama Restaurant And Bar,"P8F5+W2R, Complex Complex",Visakhapatnam,Bar,3.2,21.0,11:00 AM,11:00 PM,4:00 PM - 7:00 PM,Free Entry,Free Entry,Free Entry,₹1000 - ₹2000,₹700,Local bar and restaurant,"Friends outing, Budget dining",Background Music,No,No,No,Yes,No,Yes,Full food menu available,Casual dressing allowed,Street parking,No,Evening hours,Moderate,Visakhapatnam City Centre,Estimated timings - verify before visit
Vamsi Restaurant & Bar,P77W+CCX,Visakhapatnam,Bar,3.3,43.0,11:00 AM,11:00 PM,4:00 PM - 7:00 PM,Free Entry,Free Entry,Free Entry,₹1000 - ₹2000,₹700,Local bar and restaurant,"Friends outing, Budget dining",Background Music,No,No,No,Yes,No,Yes,Full food menu available,Casual dressing allowed,Street parking,No,Evening hours,Moderate,Visakhapatnam City Centre,Estimated timings - verify before visit
Nellore Vari Mess- Hotel Chandras,"30-12-38, Ranga St, opp. Hirawats",Visakhapatnam,Restaurant,3.9,10412.0,11:00 AM,11:00 PM,4:00 PM - 7:00 PM,Free Entry,Free Entry,Free Entry,₹1000 - ₹2000,₹700,Local bar and restaurant,"Friends outing, Budget dining",Background Music,No,No,No,Yes,No,Yes,Full food menu available,Casual dressing allowed,Street parking,No,Evening hours,Moderate,Visakhapatnam City Centre,Estimated timings - verify before visit
Tap The Sports Bar,"15-3-22, Varun Inox, Block No 4, Beach Rd, beside Maharani Peta",Visakhapatnam,Pub,4.2,1190.0,12:00 PM,12:00 AM,4:00 PM - 7:00 PM,Free Entry,Free Entry,Free Entry,₹2000 - ₹3500,₹1200,Sports bar with live match screening and DJ nights near Beach Road,"Friends, Sports lovers, DJ lovers, Weekend nightlife",DJ Night / Sports screening,Yes,No,Yes,Yes,Yes,Yes,"Pub grills, Continental, Bar food",Casual dressing allowed,Limited parking near Beach Road,Yes,"Match nights, Friday and Saturday",High during sports events and weekends,"Beach Road, Varun Beach, RK Beach",Verified nightlife place
Durga Restaurant & Bar,"P8F5+W7J, Waltair Station Approach Rd",Visakhapatnam,Bar,3.6,85.0,11:00 AM,11:00 PM,4:00 PM - 7:00 PM,Free Entry,Free Entry,Free Entry,₹1000 - ₹2000,₹700,Local bar and restaurant,"Friends outing, Budget dining",Background Music,No,No,No,Yes,No,Yes,Full food menu available,Casual dressing allowed,Street parking,No,Evening hours,Moderate,Visakhapatnam City Centre,Estimated timings - verify before visit
Sri Venkateshwara Garden Restaurant,"46-15-38, Railway New Colony Rd,Dondaparithy Road, Near, Diamond Park Rd",Visakhapatnam,Bar,3.7,503.0,11:00 AM,11:00 PM,4:00 PM - 7:00 PM,Free Entry,Free Entry,Free Entry,₹1000 - ₹2000,₹700,Local bar and restaurant,"Friends outing, Budget dining",Background Music,No,No,No,Yes,No,Yes,Full food menu available,Casual dressing allowed,Street parking,No,Evening hours,Moderate,Visakhapatnam City Centre,Estimated timings - verify before visit
Four Points By Sheraton Visakhapatnam,"10-28-3 Uplands, Waltair Main Rd",Visakhapatnam,Hotel,4.2,5878.0,11:00 AM,11:00 PM,4:00 PM - 7:00 PM,Free Entry,Free Entry,Free Entry,₹1000 - ₹2000,₹700,Local bar and restaurant,"Friends outing, Budget dining",Background Music,No,No,No,Yes,No,Yes,Full food menu available,Casual dressing allowed,Street parking,No,Evening hours,Moderate,Visakhapatnam City Centre,Estimated timings - verify before visit
The Eatery,"10-28-3, Waltair Main Rd",Visakhapatnam,Bar,4.1,892.0,07:00 AM,11:30 PM,4:00 PM - 7:00 PM,Free Entry,Free Entry,Free Entry,₹3000 - ₹5000,₹1800,Premium fine dining bar at Four Points by Sheraton,"Couples, Corporate parties, Fine dining",Lounge Music,No,No,No,Yes,No,Designated area,"Fine dining - Continental, breakfast, multi-cuisine",Smart casuals,Valet parking at Four Points Sheraton,Yes,Weekend evenings,"Moderate, peak on weekends","Waltair Main Road, Uplands Area",Verified nightlife place
The Resto,"P896+QQ2, Waltair Main Rd",Visakhapatnam,Restaurant,3.9,76.0,11:00 AM,11:00 PM,4:00 PM - 7:00 PM,Free Entry,Free Entry,Free Entry,₹1000 - ₹2000,₹700,Local bar and restaurant,"Friends outing, Budget dining",Background Music,No,No,No,Yes,No,Yes,Full food menu available,Casual dressing allowed,Street parking,No,Evening hours,Moderate,Visakhapatnam City Centre,Estimated timings - verify before visit
Upland Bistro,"10-26-1/1, opposite to Waltair Club Road",Visakhapatnam,Continental restaurant,4.2,3264.0,12:00 PM,11:00 PM,4:00 PM - 7:00 PM,Free Entry,Free Entry,Free Entry,₹2000 - ₹3500,₹1200,Fine European dining bistro near Waltair Club,"Couples, Fine dining lovers, Corporate dinners",Lounge Music,No,No,No,Yes,No,No,"Continental, Italian, French, Mediterranean cuisine",Smart casuals,Street parking near Waltair Club,Yes,Weekend evenings,Moderate,"Waltair Club, Uplands, Waltair Main Road",Verified nightlife place
Blue Moon Hotel,"Sunitha Arcade, 28-10-25/4, Chitralaya Rd, near jagadamba junction",Visakhapatnam,Hotel,4.3,1059.0,11:00 AM,11:00 PM,4:00 PM - 7:00 PM,Free Entry,Free Entry,Free Entry,₹1000 - ₹2000,₹700,Local bar and restaurant,"Friends outing, Budget dining",Background Music,No,No,No,Yes,No,Yes,Full food menu available,Casual dressing allowed,Street parking,No,Evening hours,Moderate,Visakhapatnam City Centre,Estimated timings - verify before visit
Kulasa Bar,"P79R+6RC, Railway Station Road, Mandavaripeta, Dondaparthy",Visakhapatnam,Bar,2.6,19.0,11:00 AM,11:00 PM,4:00 PM - 7:00 PM,Free Entry,Free Entry,Free Entry,₹1000 - ₹2000,₹700,Local bar and restaurant,"Friends outing, Budget dining",Background Music,No,No,No,Yes,No,Yes,Full food menu available,Casual dressing allowed,Street parking,No,Evening hours,Moderate,Visakhapatnam City Centre,Estimated timings - verify before visit
Best Brews,"AS Raja Complex, Waltair Main Rd",Visakhapatnam,Bar & grill,3.7,6.0,11:00 AM,11:00 PM,4:00 PM - 7:00 PM,Free Entry,Free Entry,Free Entry,₹1000 - ₹2000,₹700,Local bar and restaurant,"Friends outing, Budget dining",Background Music,No,No,No,Yes,No,Yes,Full food menu available,Casual dressing allowed,Street parking,No,Evening hours,Moderate,Visakhapatnam City Centre,Estimated timings - verify before visit
Dwaraka A/C Deluxe Longue,"RTC Complex Shop No. 12, D. No. 48-19-21 RTC Complex, Sudarshan Plaza, Waltair Station Approach Rd, opposite to Out Gate",Visakhapatnam,Lounge bar,1.9,11.0,11:00 AM,11:00 PM,4:00 PM - 7:00 PM,Free Entry,Free Entry,Free Entry,₹1000 - ₹2000,₹700,Local bar and restaurant,"Friends outing, Budget dining",Background Music,No,No,No,Yes,No,Yes,Full food menu available,Casual dressing allowed,Street parking,No,Evening hours,Moderate,Visakhapatnam City Centre,Estimated timings - verify before visit
Drunken Monkey,"1st floor Vinayagar Kosala, beside Sarvani Sweets",Visakhapatnam,Restaurant,4.0,1978.0,09:00 AM,11:00 PM,nan,Free Entry,Free Entry,Free Entry,₹600 - ₹1200,₹400,Trendy cafe with fun branding near Siripuram,"Students, Casual hangout, Daytime cafe",Cafe Music,No,No,No,No,No,No,"Cafe food, sandwiches, beverages, desserts",Casual,Street parking,No,"Daytime, Evenings",Moderate,"Siripuram, Waltair Main Road",Cafe - not a nightlife venue
Foodie Mama,"P8C5+RJ8, Ram Nagar Rd",Visakhapatnam,Biryani restaurant,4.0,652.0,11:00 AM,11:00 PM,4:00 PM - 7:00 PM,Free Entry,Free Entry,Free Entry,₹1000 - ₹2000,₹700,Local bar and restaurant,"Friends outing, Budget dining",Background Music,No,No,No,Yes,No,Yes,Full food menu available,Casual dressing allowed,Street parking,No,Evening hours,Moderate,Visakhapatnam City Centre,Estimated timings - verify before visit
Wood House,P77W+8X4,Visakhapatnam,Indian restaurant,3.8,9.0,11:00 AM,11:00 PM,4:00 PM - 7:00 PM,Free Entry,Free Entry,Free Entry,₹1000 - ₹2000,₹700,Local bar and restaurant,"Friends outing, Budget dining",Background Music,No,No,No,Yes,No,Yes,Full food menu available,Casual dressing allowed,Street parking,No,Evening hours,Moderate,Visakhapatnam City Centre,Estimated timings - verify before visit
Helapuri Restaurant,"2, Chitralaya Rd",Visakhapatnam,North Indian restaurant,3.0,407.0,11:00 AM,11:00 PM,4:00 PM - 7:00 PM,Free Entry,Free Entry,Free Entry,₹1000 - ₹2000,₹700,Local bar and restaurant,"Friends outing, Budget dining",Background Music,No,No,No,Yes,No,Yes,Full food menu available,Casual dressing allowed,Street parking,No,Evening hours,Moderate,Visakhapatnam City Centre,Estimated timings - verify before visit
Rr Wines,"Shop No. 29-2-51/2, Jail Rd",Visakhapatnam,Liquor store,3.6,115.0,11:00 AM,11:00 PM,4:00 PM - 7:00 PM,Free Entry,Free Entry,Free Entry,₹1000 - ₹2000,₹700,Local bar and restaurant,"Friends outing, Budget dining",Background Music,No,No,No,Yes,No,Yes,Full food menu available,Casual dressing allowed,Street parking,No,Evening hours,Moderate,Visakhapatnam City Centre,Estimated timings - verify before visit
Hotel Sea Rock,"Sea Rock Building, Oota Gadda Rd",Visakhapatnam,Hotel,3.1,296.0,11:00 AM,11:00 PM,4:00 PM - 7:00 PM,Free Entry,Free Entry,Free Entry,₹1000 - ₹2000,₹700,Local bar and restaurant,"Friends outing, Budget dining",Background Music,No,No,No,Yes,No,Yes,Full food menu available,Casual dressing allowed,Street parking,No,Evening hours,Moderate,Visakhapatnam City Centre,Estimated timings - verify before visit
Lassi Shop,"Rama Talkies Road, Opp Jewel Park, beside Chai Spot",Visakhapatnam,Beverage distributor,4.2,196.0,11:00 AM,11:00 PM,4:00 PM - 7:00 PM,Free Entry,Free Entry,Free Entry,₹1000 - ₹2000,₹700,Local bar and restaurant,"Friends outing, Budget dining",Background Music,No,No,No,Yes,No,Yes,Full food menu available,Casual dressing allowed,Street parking,No,Evening hours,Moderate,Visakhapatnam City Centre,Non-nightlife entry - data retained for reference
Clothing,nan,Visakhapatnam,Pub,nan,nan,11:00 AM,11:00 PM,4:00 PM - 7:00 PM,Free Entry,Free Entry,Free Entry,₹1000 - ₹2000,₹700,Local bar and restaurant,"Friends outing, Budget dining",Background Music,No,No,No,Yes,No,Yes,Full food menu available,Casual dressing allowed,Street parking,No,Evening hours,Moderate,Visakhapatnam City Centre,Non-nightlife entry - data retained for reference
Sk Diamon Tmt Bars,"P8F6+VQ9, Sampath Vinayaka Temple Rd",Visakhapatnam,Bar,nan,nan,11:00 AM,11:00 PM,4:00 PM - 7:00 PM,Free Entry,Free Entry,Free Entry,₹1000 - ₹2000,₹700,Local bar and restaurant,"Friends outing, Budget dining",Background Music,No,No,No,Yes,No,Yes,Full food menu available,Casual dressing allowed,Street parking,No,Evening hours,Moderate,Visakhapatnam City Centre,Non-nightlife entry - data retained for reference
D2 Restaurant & Bar,nan,Visakhapatnam,Bar,nan,nan,11:00 AM,11:00 PM,4:00 PM - 7:00 PM,Free Entry,Free Entry,Free Entry,₹1000 - ₹2000,₹700,Local bar and restaurant,"Friends outing, Budget dining",Background Music,No,No,No,Yes,No,Yes,Full food menu available,Casual dressing allowed,Street parking,No,Evening hours,Moderate,Visakhapatnam City Centre,Estimated timings - verify before visit
Md Romiz,P8F5+Q45,Visakhapatnam,Bar,nan,nan,11:00 AM,11:00 PM,4:00 PM - 7:00 PM,Free Entry,Free Entry,Free Entry,₹1000 - ₹2000,₹700,Local bar and restaurant,"Friends outing, Budget dining",Background Music,No,No,No,Yes,No,Yes,Full food menu available,Casual dressing allowed,Street parking,No,Evening hours,Moderate,Visakhapatnam City Centre,Estimated timings - verify before visit
Eagle Restaurant & Bar,"Shop No. 43-9-233, Railway New Colony Road, Near Main Road, Dondaparthi",Visakhapatnam,Bar,3.4,176.0,11:00 AM,11:00 PM,4:00 PM - 7:00 PM,Free Entry,Free Entry,Free Entry,₹1000 - ₹2000,₹700,Local bar and restaurant,"Friends outing, Budget dining",Background Music,No,No,No,Yes,No,Yes,Full food menu available,Casual dressing allowed,Street parking,No,Evening hours,Moderate,Visakhapatnam City Centre,Estimated timings - verify before visit
Sri Kanaka Mahalaxmi Restaurant & Bar,"Ramakrishna Junction, 75 Feet Road , D# 26-1, 125/4, Bowdara Rd",Visakhapatnam,Bar,3.7,9.0,11:00 AM,11:00 PM,4:00 PM - 7:00 PM,Free Entry,Free Entry,Free Entry,₹1000 - ₹2000,₹700,Local bar and restaurant,"Friends outing, Budget dining",Background Music,No,No,No,Yes,No,Yes,Full food menu available,Casual dressing allowed,Street parking,No,Evening hours,Moderate,Visakhapatnam City Centre,Estimated timings - verify before visit
"Somaa, Siripuram","4TH FLOOR, VIP CENTER, VIP Rd",Visakhapatnam,Live music bar,4.3,7711.0,12:00 PM,12:00 AM,4:00 PM - 7:00 PM,Free Entry,Free Entry,Free Entry,₹2000 - ₹4000,₹1500,Best live music bar and restobar in Vizag - Siripuram hotspot,"Couples, Friends, Live music lovers, Weekend nightlife",Live Music / DJ Night / Bollywood,Yes,Yes,Yes,Yes,Yes,Yes,"Full menu - Continental, Chinese, Indian, Seafood","Smart casuals, Party wear preferred",Limited parking near VIP Road,Yes,"Friday and Saturday nights, Live music nights",Very crowded on weekends,"VIP Road, Siripuram, CMR Central",Verified nightlife place
Ironhill Visakhapatnam,"1st 25, 9, 30-1, Waltair Main Rd, Above PMJ Jewellwers",Visakhapatnam,Brewery,4.2,7753.0,12:00 PM,12:00 AM,4:00 PM - 7:00 PM,Free Entry,Free Entry,Free Entry,₹2500 - ₹4500,₹1500,Premium craft brewery with DJ nights - largest brewery chain in South India,"Craft beer lovers, Friends, Weekend nightlife, DJ lovers",DJ Night / EDM / Lounge Music,Yes,No,Yes,Yes,No,No,"Bar food, grills, pub snacks, Continental","Smart casuals, No slippers",Limited parking on Waltair Main Road,Yes,"Weekend evenings, DJ nights on Friday & Saturday",Very crowded on weekends,"Waltair Main Road, PMJ Jewellers, Siripuram",Verified nightlife place
The Miami,"Flat No 101, Door No: 10-28-2, 1, A Square Business Center, 1, Waltair Main Rd",Visakhapatnam,Bar,4.0,142.0,11:00 AM,11:00 PM,4:00 PM - 7:00 PM,Free Entry,Free Entry,Free Entry,₹1000 - ₹2000,₹700,Local bar and restaurant,"Friends outing, Budget dining",Background Music,No,No,No,Yes,No,Yes,Full food menu available,Casual dressing allowed,Street parking,No,Evening hours,Moderate,Visakhapatnam City Centre,Estimated timings - verify before visit
New Pavan Restaurant And Bar,"Ward Number. 36, Bowdra Ring Rd, Behind Andhra Bank",Visakhapatnam,Bar,3.4,69.0,11:00 AM,11:00 PM,4:00 PM - 7:00 PM,Free Entry,Free Entry,Free Entry,₹1000 - ₹2000,₹700,Local bar and restaurant,"Friends outing, Budget dining",Background Music,No,No,No,Yes,No,Yes,Full food menu available,Casual dressing allowed,Street parking,No,Evening hours,Moderate,Visakhapatnam City Centre,Estimated timings - verify before visit
Zoom Restaurant And Bar,"15-18-17, Beach Rd, Opp Gokul Park",Visakhapatnam,Bar,3.6,1988.0,11:00 AM,11:30 PM,4:00 PM - 7:00 PM,Free Entry,Free Entry,Free Entry,₹1500 - ₹2500,₹900,Beach Road budget bar opposite Gokul Park,"Budget outing, Friends",Bollywood / Retro,No,No,No,Yes,No,Yes,Full food menu available,Casual,Street parking near Beach Road,No,Evening hours,Moderate,"Beach Road, Gokul Park",Verified nightlife place
Varalaxmi Bar,"37-1-24/1, Bowdra Ring Rd",Visakhapatnam,Wine bar,3.8,29.0,11:00 AM,11:00 PM,4:00 PM - 7:00 PM,Free Entry,Free Entry,Free Entry,₹1000 - ₹2000,₹700,Local bar and restaurant,"Friends outing, Budget dining",Background Music,No,No,No,Yes,No,Yes,Full food menu available,Casual dressing allowed,Street parking,No,Evening hours,Moderate,Visakhapatnam City Centre,Estimated timings - verify before visit
Lavanya Bar & Restaurant,"P7JH+RGM, near Sri Muthyamambha Ammavari Temple","Visakhapatnam(Vizag), Visakhapatnam",Bar & grill,3.3,12.0,11:00 AM,11:00 PM,4:00 PM - 7:00 PM,Free Entry,Free Entry,Free Entry,₹1000 - ₹2000,₹700,Local bar and restaurant,"Friends outing, Budget dining",Background Music,No,No,No,Yes,No,Yes,Full food menu available,Casual dressing allowed,Street parking,No,Evening hours,Moderate,Visakhapatnam City Centre,Estimated timings - verify before visit
Srinivasa Restaurant & Bar,36-97-24/1,Visakhapatnam,Bar,nan,nan,11:00 AM,11:00 PM,4:00 PM - 7:00 PM,Free Entry,Free Entry,Free Entry,₹1000 - ₹2000,₹700,Local bar and restaurant,"Friends outing, Budget dining",Background Music,No,No,No,Yes,No,Yes,Full food menu available,Casual dressing allowed,Street parking,No,Evening hours,Moderate,Visakhapatnam City Centre,Estimated timings - verify before visit
Harbour Vue,"Varun Beach, Nowroji Rd",Visakhapatnam,Bar,4.7,202.0,04:00 PM,12:00 AM,4:00 PM - 7:00 PM,Free Entry,Free Entry,Free Entry,₹2000 - ₹3500,₹1200,Beachside bar with stunning sea view at Varun Beach,"Couples, Friends, Beachside nightlife, Sunset lovers",Lounge Music / DJ Night,No,No,Yes,Yes,Yes,Yes,"Seafood, Continental, Bar snacks",Casual dressing allowed,Street parking at Varun Beach,Yes,"Sunset hours, Weekend evenings",High on weekends and evenings,"Varun Beach, Beach Road, Nowroji Road",Verified nightlife place
Marco Polo Bar & Lounge,"Beach Road, Near Kailasagiri Road",Visakhapatnam,Bar,4.3,1850.0,05:00 PM,01:00 AM,5:00 PM - 8:00 PM,₹500 Cover Charge,₹800 Couple Entry,₹1500 Stag Entry,₹3000 - ₹5000,₹1800,Premium nightclub with DJ nights and beachside ambience,"Friends, Bachelor parties, DJ lovers, Weekend party",DJ Night / EDM / Bollywood,Yes,No,Yes,Yes,Yes,Yes,"Continental, Seafood, Bar snacks","Party wear preferred, No slippers",Free parking available,Yes,Friday and Saturday DJ nights,Very crowded on Saturday nights,"RK Beach, Kailasagiri, Beach Road",Verified nightlife place
Dusk Palm Beach,"Rushikonda Beach Road, Rushikonda",Visakhapatnam,Pub,4.4,2340.0,04:00 PM,12:30 AM,4:00 PM - 7:00 PM,Free Entry,Free Entry,Free Entry,₹2500 - ₹4000,₹1500,Beachside pub with DJ nights at Rushikonda - best beach nightlife,"Couples, Friends, Beachside party, Weekend nightlife",DJ Night / Bollywood / Lounge Music,Yes,No,Yes,Yes,Yes,Yes,"Seafood, BBQ, Continental, Beach grill",Casual dressing allowed,Free parking,Yes,"Sunset hours, Saturday DJ nights",High on weekends,"Rushikonda Beach, Beach Road, Bheemunipatnam",Verified nightlife place
Sea Inn Rooftop Lounge,"Beach Road, Near RK Beach, Maharanipeta",Visakhapatnam,Lounge bar,4.5,1620.0,05:00 PM,12:00 AM,5:00 PM - 8:00 PM,Free Entry,Free Entry,₹500 Cover Charge on weekends,₹3000 - ₹5000,₹1800,Rooftop sea-view lounge overlooking RK Beach,"Couples, Rooftop dining, Sunset views, Friends",Lounge Music / DJ Night,No,Yes,Yes,Yes,Yes,Yes,"Continental, Seafood, Mediterranean cuisine",Smart casuals,Street parking near Beach Road,Yes,"Sunset hours, Weekend evenings",High on weekends and public holidays,"RK Beach, Kailasagiri, Tenneti Park",Verified nightlife place
V Hangout Restobar,"MVP Colony, Sector 7, Near MVP Market",Visakhapatnam,Pub,4.2,980.0,12:00 PM,11:30 PM,4:00 PM - 7:00 PM,Free Entry,Free Entry,Free Entry,₹1500 - ₹2500,₹900,Popular youth hangout and DJ pub in MVP Colony,"Youth, Friends outing, Weekend nightlife, Birthday parties",DJ Night / Bollywood,Yes,No,Yes,Yes,Yes,Yes,"Full food menu, Indian and continental",Smart casuals,Free parking in MVP Colony,No,Friday and Saturday nights,High on weekends,"MVP Colony, MVP Market, Bheemunipatnam Road",Verified nightlife place
Brew N Bistro,"Dwaraka Nagar, Near HDFC Bank",Visakhapatnam,Brewpub,4.1,740.0,12:00 PM,11:30 PM,4:00 PM - 7:00 PM,Free Entry,Free Entry,Free Entry,₹1800 - ₹3000,₹1200,Craft beer bistro with quality brews and pub food in Dwaraka Nagar,"Craft beer lovers, Friends, Couples, Casual dining",Lounge Music / DJ Night on weekends,No,No,Yes,Yes,No,Designated area,"Pub grills, Continental, Finger food, Burgers",Smart casuals,Limited parking,Yes,"Weekend evenings, Happy hours","Moderate on weekdays, High on weekends","Dwaraka Nagar, HDFC Bank, Siripuram",Estimated timings - verify before visit
Gravity Restobar,"Siripuram, Near Siripuram Junction, VIP Road",Visakhapatnam,Bar,4.3,1480.0,12:00 PM,12:00 AM,4:00 PM - 7:00 PM,Free Entry,Free Entry,Free Entry,₹2000 - ₹3500,₹1200,Popular restobar with DJ nights in Siripuram area,"Friends, Youth, DJ lovers, Weekend party",DJ Night / Bollywood / EDM,Yes,No,Yes,Yes,Yes,Yes,"Continental, Chinese, Indian, Seafood","Smart casuals, Party wear preferred",Limited parking near Siripuram,Yes,Friday and Saturday DJ nights,"High on weekends, peak after 9 PM","Siripuram Junction, VIP Road, CMR Central",Verified nightlife place
Escape Nightclub,"Beach Road, Near VUDA Complex, Seethammadhara",Visakhapatnam,Disco club,4.4,3120.0,08:00 PM,02:00 AM,8:00 PM - 10:00 PM,₹1000 Cover Charge,₹1500 Couple Entry,₹2500 Stag Entry,₹4000 - ₹7000,₹2500,Premium nightclub with best DJ nights and dance floor in Vizag,"Weekend party, Bachelor parties, DJ lovers, Birthday parties",EDM / DJ Night / Bollywood / Hip-Hop,Yes,No,Yes,Yes,No,No,Bar snacks and premium cocktails,"Party wear - No slippers, No shorts",Valet parking available,Yes,Friday and Saturday nights after 10 PM,Very crowded on weekends,"Beach Road, VUDA Complex, Seethammadhara",Verified nightlife place
Wok Republic Lounge,"MVP Colony, Sector 10, Near Bheemunipatnam Road",Visakhapatnam,Lounge bar,4.2,890.0,12:00 PM,11:30 PM,3:00 PM - 7:00 PM,Free Entry,Free Entry,Free Entry,₹2000 - ₹3500,₹1200,Asian cuisine lounge bar with hookah and cocktails in MVP Colony,"Couples, Friends, Asian food lovers, Casual dining",Lounge Music / DJ on weekends,No,No,Yes,Yes,Yes,Designated area,"Pan-Asian, Chinese, Thai, Japanese cuisine",Smart casuals,Free parking in MVP Colony,Yes,Weekend evenings,"Moderate on weekdays, High on weekends","MVP Colony, MVP Market, Bheemunipatnam Road",Verified nightlife place
Stone Water Eco Resort Pub,"Rushikonda Beach, Behind Haritha Beach Resort",Visakhapatnam,Pub,4.5,2780.0,04:00 PM,12:30 AM,4:00 PM - 7:00 PM,Free Entry,Free Entry,Free Entry,₹3000 - ₹5000,₹1800,Eco resort beachside pub at Rushikonda with live music and sea view,"Couples, Nature lovers, Beach outing, Weekend getaway",Live Music / DJ Night / Acoustic,No,Yes,Yes,Yes,Yes,Yes,"Seafood, BBQ, Continental, Organic food",Casual dressing allowed,Free parking at resort,Yes,"Sunset hours, Weekend evenings","Moderate, High on weekends","Rushikonda Beach, Bheemunipatnam, Vizag Zoo",Verified nightlife place
Dolphin Hotel Bar - Aquarius,"75 Feet Road, Daba Garden",Visakhapatnam,Bar,4.3,1580.0,11:00 AM,11:30 PM,4:00 PM - 7:00 PM,Free Entry,Free Entry,Free Entry,₹2500 - ₹4000,₹1500,Iconic heritage hotel bar in Vizag - Dolphin Hotel Aquarius,"Couples, Business travelers, Premium bar experience",Lounge Music,No,No,No,Yes,No,Designated area,Full bar menu with premium snacks and light bites,Smart casuals,Valet parking at Dolphin Hotel,Yes,"Evening hours, Happy hours",Moderate,"Daba Garden, Beach Road, RK Beach",Verified nightlife place
Novotel Restobar & Lounge,"Commisioner Office Road, Near YMCA, Jagadamba Junction",Visakhapatnam,Bar,4.5,2960.0,11:00 AM,12:00 AM,4:00 PM - 7:00 PM,Free Entry,Free Entry,Free Entry,₹3000 - ₹5500,₹2000,5-star hotel lounge bar with premium experience,"Corporate parties, Couples, Premium dining, Business travelers",Lounge Music / DJ Night on weekends,No,Yes,Yes,Yes,No,Designated area,"International cuisine, premium cocktails, buffet",Smart casuals,Valet parking at Novotel,Yes,"Weekend evenings, Business dinners","Moderate, High on weekends","Jagadamba Junction, CMR Central, RK Beach",Verified nightlife place
Welcomhotel Lounge Bar,"Beach Road, Near Kailasagiri, Seethammadhara",Visakhapatnam,Bar,4.4,1820.0,11:00 AM,12:00 AM,4:00 PM - 7:00 PM,Free Entry,Free Entry,Free Entry,₹3000 - ₹5000,₹1800,Luxury ITC hotel lounge with sea-facing ambience on Beach Road,"Corporate events, Couples, Premium experience, Business travelers",Lounge Music / Live Jazz on select nights,No,Yes,No,Yes,No,Designated area,"Premium multi-cuisine menu, cocktails, international drinks",Smart casuals,Valet parking at WelcomHotel,Yes,"Weekend evenings, Sunset hours","Moderate, upscale clientele","Beach Road, Kailasagiri, Seethammadhara",Verified nightlife place
Palm Beach Hotel Lounge,"Beach Road, Near Lawsons Bay Colony",Visakhapatnam,Lounge bar,4.2,1140.0,11:00 AM,11:30 PM,4:00 PM - 7:00 PM,Free Entry,Free Entry,Free Entry,₹2000 - ₹3500,₹1200,Beachside hotel lounge near Lawsons Bay with sea view,"Couples, Family outing, Leisure evenings",Lounge Music,No,No,No,Yes,No,Designated area,"Continental, Seafood, Multi-cuisine menu",Smart casuals,Hotel parking available,Yes,"Evening hours, Sunset hours",Moderate,"Beach Road, Lawsons Bay Colony, RK Beach",Verified nightlife place
Tycoon Rooftop Lounge,"Siripuram, VIP Road, Near Siripuram Flyover",Visakhapatnam,Lounge bar,4.4,2240.0,05:00 PM,01:00 AM,5:00 PM - 8:00 PM,₹500 Cover Charge on weekends,₹800 Couple Entry,₹1500 Stag Entry,₹3000 - ₹5000,₹1800,Premium rooftop lounge with city view and DJ nights in Siripuram,"Friends, Couples, DJ lovers, Birthday parties, Rooftop experience",DJ Night / EDM / Bollywood,Yes,No,Yes,Yes,Yes,Yes,"Continental, Finger food, Premium cocktails and mocktails","Party wear preferred, No slippers",Limited parking near Siripuram,Yes,Friday and Saturday DJ nights,Very crowded on Saturday nights,"VIP Road, Siripuram Junction, CMR Central",Verified nightlife place
Rk Beach Shack Bar & Nightlife Zone,"Ramakrishna Beach Road, Near Submarine Museum",Visakhapatnam,Pub,4.2,3450.0,04:00 PM,12:00 AM,4:00 PM - 7:00 PM,Free Entry,Free Entry,Free Entry,₹1000 - ₹2000,₹700,Beachside bar shacks at the iconic RK Beach - Vizag nightlife hub,"Families, Couples, Beach lovers, Budget outing, Tourists",Bollywood / Beach Music / DJ on weekends,No,No,Yes,Yes,Yes,Yes,"Seafood, BBQ, Snacks, Corn, Beach food",Casual dressing allowed,Free roadside parking near RK Beach,No,"Evening hours, Sunset time",Very crowded on weekends and holidays,"RK Beach, Submarine Museum, Kali Temple, INS Kurusura",Estimated timings - check before visit
Rushikonda Beach Club & Bar,"Rushikonda Beach, Behind Haritha Beach Resort",Visakhapatnam,Pub,4.3,1890.0,04:00 PM,12:30 AM,4:00 PM - 7:00 PM,Free Entry,Free Entry,Free Entry,₹2000 - ₹3500,₹1200,Scenic beachside pub at Rushikonda with natural beauty and party vibes,"Beach lovers, Couples, Friends outing, Water sports enthusiasts",DJ Night / Bollywood / Beach Music,No,No,Yes,Yes,Yes,Yes,"Seafood, Grills, Beach bites, Continental",Casual dressing allowed,Free parking near Rushikonda Beach,No,"Sunset hours, Saturday nights",High on weekends,"Rushikonda Beach, Vizag Zoo, Bheemunipatnam Road",Estimated timings - verify before visit
The Hangover Pub & Kitchen - Mvp,"MVP Colony, Sector 4, Near D-Mart",Visakhapatnam,Pub,4.1,670.0,12:00 PM,11:30 PM,4:00 PM - 7:00 PM,Free Entry,Free Entry,Free Entry,₹1500 - ₹2500,₹900,Friendly neighbourhood pub in MVP Colony - popular youth hangout,"Friends, Youth, Budget outing, Birthday parties",Bollywood / DJ Night on weekends,No,No,Yes,Yes,Yes,Yes,"Pub grills, Indian, Continental, Bar snacks",Casual dressing allowed,Free parking at MVP Colony,No,"Evening hours, Weekend nights",High on weekends,"MVP Colony, D-Mart, Bheemunipatnam Road",Estimated timings - verify before visit
Sky Deck Rooftop Bar & Cafe,"Waltair Main Road, Opposite Andhra University, Maharanipeta",Visakhapatnam,Lounge bar,4.4,1560.0,05:00 PM,12:00 AM,5:00 PM - 8:00 PM,Free Entry,Free Entry,₹300 Cover Charge on weekends,₹2000 - ₹4000,₹1500,Rooftop bar with panoramic sea view and city view near Andhra University,"Couples, Rooftop experience, Friends, Sunset views",Lounge Music / DJ Night / Bollywood,No,Yes,Yes,Yes,Yes,Yes,"Continental, Cafe food, Mocktails, Pizzas, Nachos",Smart casuals,Street parking near Waltair Main Road,Yes,"Sunset hours, Weekend DJ nights",High on weekends,"Andhra University, Waltair Main Road, Beach Road",Estimated timings - verify before visit
Somaa Restobar - Vizag,"4TH FLOOR, VIP CENTER, VIP Rd, Siripuram",Visakhapatnam,Live music bar,4.3,7711.0,12:00 PM,12:00 AM,4:00 PM - 7:00 PM,Free Entry,Free Entry,Free Entry,₹2000 - ₹4000,₹1500,Best live music restobar in Vizag - premium nightlife destination,"Couples, Friends, Live music lovers, Weekend nightlife",Live Music / DJ Night / Bollywood,Yes,Yes,Yes,Yes,Yes,Yes,"Full menu - Continental, Chinese, Indian, Seafood","Smart casuals, Party wear preferred",Limited parking near VIP Road,Yes,"Friday and Saturday nights, Live music nights",Very crowded on weekends,"VIP Road, Siripuram, CMR Central",Verified nightlife place
Ironhill Brewery Visakhapatnam,"1st 25, 9, 30-1, Waltair Main Rd, Above PMJ Jewellers",Visakhapatnam,Brewery,4.2,7753.0,12:00 PM,12:00 AM,4:00 PM - 7:00 PM,Free Entry,Free Entry,Free Entry,₹2500 - ₹4500,₹1500,Largest craft brewery in South India - craft beer and DJ nights,"Craft beer lovers, Friends, Weekend nightlife, DJ lovers",DJ Night / EDM / Lounge Music,Yes,No,Yes,Yes,No,No,"Bar food, grills, pub snacks, Continental","Smart casuals, No slippers",Limited parking on Waltair Main Road,Yes,"Weekend evenings, DJ nights on Friday & Saturday",Very crowded on weekends,"Waltair Main Road, PMJ Jewellers, Siripuram",Verified nightlife place
