source_place,theater_name,theater_area,destination_landmark,walking_distance_km,estimated_walk_time_minutes,walking_direction_steps,starting_landmark,ending_landmark,road_name,route_type,safe_for_tourists,street_lighting,best_time_to_walk,crowd_level,nearby_food_places,google_maps_walk_link,description
RK Beach,INOX Varun Beach,Varun Beach,"INOX Varun Beach, Varun Beach Road",0.6,8,Start at RK Beach promenade near the Dolphin Hotel end. Walk north along Beach Road. Pass the lifeguard post and beachside vendors. Take slight left towards Varun Beach Road. INOX Varun Beach is on your right.,RK Beach Promenade near Dolphin Hotel,INOX Varun Beach Main Entrance,Beach Road / Varun Beach Road,Beachside road walk,Yes,Well lit,6 AM to 10 PM,"Moderate on weekdays, High on weekends","Masala Kitchen, Mango Mango Restaurant, Beach Road Chaat Stalls",https://www.google.com/maps/dir/RK+Beach+Visakhapatnam/INOX+Varun+Beach+Visakhapatnam/,Scenic beachside walk from RK Beach to INOX Varun Beach multiplex. Entire route follows the coast with sea breeze.
RK Beach,RK Beach Cinemas,Beach Road,"RK Beach Cinemas, Beach Road",0.3,5,Start at RK Beach near INS Kursura Submarine Museum. Walk south along Beach Road. Pass the museum and the park. RK Beach Cinemas is just off Beach Road on the left near the main junction.,"INS Kursura Submarine Museum, RK Beach",RK Beach Cinemas Entrance,Beach Road,Short beachside road walk,Yes,Well lit,7 AM to 10 PM,"Moderate weekdays, High weekends","Masala Kitchen, Beach Snack Stalls, Baskin Robbins Beach Road",https://www.google.com/maps/dir/RK+Beach+Visakhapatnam/RK+Beach+Cinemas+Visakhapatnam/,Very short walk along iconic RK Beach road. Ideal for tourists already at the beach.
RK Beach,Beach Road Cinemas,Beach Road,"Beach Road Cinemas, Beach Road",0.5,7,Begin at RK Beach near Gandhi Statue. Walk along Beach Road heading towards Siripuram. Pass beachside juice stalls and the park. Beach Road Cinemas is on the main Beach Road on your right.,"Gandhi Statue, RK Beach",Beach Road Cinemas,Beach Road,Beachside scenic walk,Yes,Well lit,7 AM to 10 PM,Moderate,"Juice Stalls at RK Beach, Ram's Dosa, Hotel Daspalla nearby",https://www.google.com/maps/dir/RK+Beach+Gandhi+Statue+Visakhapatnam/Beach+Road+Cinemas+Visakhapatnam/,Walk from Gandhi Statue at RK Beach to Beach Road Cinemas along iconic Beach Road.
RK Beach,Surya Cinema Beach Road,Beach Road,"Surya Cinema Beach Road, near RK Beach",0.4,6,"Start at RK Beach near the submarine museum. Walk along Beach Road past the coconut water vendors. Surya Cinema is located right on Beach Road, clearly visible from the promenade area.","INS Kursura Submarine Museum, RK Beach",Surya Cinema Beach Road,Beach Road,Promenade to cinema walk,Yes,Well lit,7 AM to 10 PM,"Moderate on weekdays, High on weekends","Beach Snack Stalls, Hotel Green Park Restaurant, Spicy Venue Restaurant",https://www.google.com/maps/dir/RK+Beach+Visakhapatnam/Surya+Cinema+Beach+Road+Visakhapatnam/,Quick pleasant walk from RK Beach to Surya Cinema along the iconic Beach Road with sea views throughout.
RK Beach,Sagar Theatre Beach Road,Beach Road,"Sagar Theatre, Beach Road",0.5,7,Start at RK Beach near Ramakrishna Beach park entrance. Walk along Beach Road heading towards Tenneti Park direction. Pass sea-facing restaurants. Sagar Theatre Beach Road is on the right side.,Ramakrishna Beach Park Gate,Sagar Theatre Beach Road,Beach Road,Coastal road walk,Yes,Good lighting,8 AM to 10 PM,Moderate,"Sea Side Restaurant, Tasting Kitchen Beach Road, Wok in the Box",https://www.google.com/maps/dir/Ramakrishna+Beach+Park+Visakhapatnam/Sagar+Theatre+Beach+Road+Visakhapatnam/,"Leisurely coastal walk from Ramakrishna Beach Park to Sagar Theatre. Flat, scenic, tourist-friendly."
RK Beach,Roshan Theatre Beach Road,Beach Road,"Roshan Theatre, near Kailasagiri Road, Beach Road",0.7,10,Start at VUDA Park entrance on Beach Road. Walk south along Beach Road toward Kailasagiri. Pass Vizag Tourist Information Center and beachside trees. Roshan Theatre is on the left near the colony turn.,"VUDA Park, Beach Road",Roshan Theatre Beach Road,Beach Road,Beachside walk,Yes,Well lit on main road,7 AM to 9 PM,Low to moderate,"VUDA Park Tea Stalls, Masala Kitchen, Hotel Daspalla food court",https://www.google.com/maps/dir/VUDA+Park+Visakhapatnam/Roshan+Theatre+Beach+Road+Visakhapatnam/,"Calm breezy walk along Beach Road from VUDA Park to Roshan Theatre. Wide, well-lit, and safe."
RK Beach,Geeta Theatre Visakhapatnam,Daba Gardens,"Geeta Theatre, Daba Gardens Main Road",1.2,16,Start at RK Beach near the Gandhi Statue. Walk west on the road leading away from the beach. Continue through Daba Gardens locality. Pass the Daba Gardens market area. Geeta Theatre is on the main Daba Gardens road.,"Gandhi Statue, RK Beach",Geeta Theatre Daba Gardens,Daba Gardens Road,Beach to residential walk,Yes,Good,8 AM to 9 PM,Low,"Daba Gardens Tiffin Centres, Beach Road Stalls, Local Juice Shops",https://www.google.com/maps/dir/RK+Beach+Visakhapatnam/Geeta+Theatre+Daba+Gardens+Visakhapatnam/,Walk from RK Beach into Daba Gardens locality to reach Geeta Theatre. Pleasant inner city walk.
RK Beach,Waltair Talkies,Waltair,"Waltair Talkies, Waltair Main Road",1.0,13,Start at RK Beach promenade. Walk along Beach Road then turn inland at the Waltair Club junction. Continue along Waltair Main Road. Pass Andhra University campus wall and Waltair Club. Waltair Talkies is on Waltair Main Road.,RK Beach Promenade,"Waltair Talkies, Waltair Main Road",Beach Road to Waltair Main Road,Beach to upscale area walk,Yes,Well lit,7 AM to 9 PM,Moderate,"Waltair Club Restaurant, AU Campus Canteen, Beach Road Snacks",https://www.google.com/maps/dir/RK+Beach+Visakhapatnam/Waltair+Talkies+Visakhapatnam/,Walk from scenic RK Beach into the upscale Waltair area. Pass Andhra University and Waltair Club en route.
RK Beach,Red Carpet Vizag,Waltair,"Red Carpet Vizag, Waltair Main Road",1.1,15,Start at RK Beach near VUDA Park. Walk along Beach Road and then turn inland on Waltair Main Road. Continue past Waltair Club and residential bungalows. Red Carpet Vizag luxury theatre is on Waltair Main Road on your left.,"VUDA Park, RK Beach","Red Carpet Vizag, Waltair Main Road",Beach Road to Waltair Main Road,Beach to premium theater walk,Yes,Well lit,8 AM to 10 PM,Low,"Waltair Club Restaurant, Sea Breeze Cafe, Beach Road Restaurants",https://www.google.com/maps/dir/RK+Beach+VUDA+Park+Visakhapatnam/Red+Carpet+Vizag+Visakhapatnam/,Walk from RK Beach to the premium Red Carpet Vizag theatre on Waltair Main Road. Great evening walk for couples and movie enthusiasts.
RK Beach,Waltair Club Cinema Hall,Waltair Uplands,"Waltair Club Cinema Hall, Waltair Club Road",1.0,13,Start at RK Beach near the park entrance. Walk inland taking the road toward Waltair Uplands. Pass the residential area and the Andhra University Gate. Waltair Club Cinema Hall is inside the Waltair Club premises on Waltair Club Road.,RK Beach Park Entrance,Waltair Club Cinema Hall,Waltair Main Road / Waltair Club Road,Beachside to club area walk,Yes,Well lit,8 AM to 9 PM,Low,"Waltair Club Canteen, AU Canteen, Beach Road Stalls",https://www.google.com/maps/dir/RK+Beach+Visakhapatnam/Waltair+Club+Cinema+Hall+Visakhapatnam/,Walk from RK Beach to the exclusive Waltair Club Cinema Hall. Scenic route through Waltair Uplands.
Beach Road,INOX Varun Beach,Varun Beach,"INOX Varun Beach, Varun Beach Road",1.0,13,Begin at Beach Road near Steel Flyover junction. Walk north along Beach Road. Cross Varun Beach Road signal. Walk into Varun Beach Road. INOX Varun Beach multiplex is on the right.,"Steel Flyover Junction, Beach Road",INOX Varun Beach Multiplex,Beach Road to Varun Beach Road,Beach Road scenic walk,Yes,Very well lit,Morning 7 AM to 9 PM,Moderate to high,"Varun Beach Food Stalls, Mango Mango Restaurant, KFC Beach Road",https://www.google.com/maps/dir/Beach+Road+Steel+Flyover+Visakhapatnam/INOX+Varun+Beach+Visakhapatnam/,Walk from Beach Road Steel Flyover to INOX Varun Beach along the coastal road. One of the most scenic multiplex walks in Vizag.
Beach Road,Beach Road Cinemas,Beach Road,"Beach Road Cinemas, Beach Road",0.4,6,Start near the Beach Road main stretch near Hotel Green Park. Walk along Beach Road toward RK Beach. Pass coconut water vendors and beach park entrance. Beach Road Cinemas is on the left just after the main junction signal.,"Hotel Green Park, Beach Road",Beach Road Cinemas,Beach Road,Straight road walk,Yes,Well lit,7 AM to 10 PM,"Moderate on weekdays, High evenings and weekends","Hotel Green Park Restaurant, Beach Snacks Area, Spicy Venue Restaurant",https://www.google.com/maps/dir/Beach+Road+Visakhapatnam/Beach+Road+Cinemas+Visakhapatnam/,Quick pleasant walk along iconic Beach Road. Suitable for tourists and locals with great sea views.
Beach Road,Surya Cinema Beach Road,Beach Road,"Surya Cinema Beach Road, near RK Beach",0.5,7,Start at Beach Road near VUDA Park. Walk south along Beach Road toward RK Beach direction. Pass the VUDA Complex gate and beachside eateries. Surya Cinema Beach Road is on the right before the RK Beach junction.,"VUDA Park Gate, Beach Road",Surya Cinema Beach Road,Beach Road,Beachside road walk,Yes,Well lit,7 AM to 10 PM,Moderate to high,"VUDA Park Tea Stalls, Masala Kitchen, Beach Road Food Court",https://www.google.com/maps/dir/VUDA+Park+Beach+Road+Visakhapatnam/Surya+Cinema+Beach+Road+Visakhapatnam/,Walk from VUDA Park area along Beach Road to Surya Cinema. Easy flat walk with sea breeze throughout.
Beach Road,Sagar Theatre Beach Road,Beach Road,"Sagar Theatre, Beach Road",0.5,7,Start at Beach Road near Ramakrishna Beach park. Walk along Beach Road toward Tenneti Park. Pass sea-facing restaurants and food stalls. Take slight right at the next junction. Sagar Theatre is visible on the right.,"Ramakrishna Beach Park Gate, Beach Road",Sagar Theatre Beach Road,Beach Road,Coastal road walk,Yes,Good lighting,8 AM to 10 PM,Moderate,"Sea Side Restaurant, Tasting Kitchen Beach Road, Wok in the Box",https://www.google.com/maps/dir/Ramakrishna+Beach+Park+Visakhapatnam/Sagar+Theatre+Beach+Road+Visakhapatnam/,"Leisurely coastal walk from Ramakrishna Beach Park to Sagar Theatre. Flat, scenic, and tourist-friendly."
Beach Road,Roshan Theatre Beach Road,Beach Road,"Roshan Theatre, near Kailasagiri Road, Beach Road",0.7,10,Start at VUDA Park entrance on Beach Road. Walk along Beach Road in the direction of Siripuram. Pass the Vizag Tourist Information Center and beachside trees. Roshan Theatre is on Beach Road left side near the colony turn.,"VUDA Park, Beach Road",Roshan Theatre Beach Road,Beach Road,Beachside walk,Yes,Well lit along main road,7 AM to 9 PM,Low to moderate,"VUDA Park Tea Stalls, Masala Kitchen, Hotel Daspalla food court",https://www.google.com/maps/dir/VUDA+Park+Visakhapatnam/Roshan+Theatre+Beach+Road+Visakhapatnam/,"Calm breezy walk along Beach Road from VUDA Park to Roshan Theatre. Wide, well-lit, and safe for evening walks."
Beach Road,RK Beach Cinemas,Beach Road,"RK Beach Cinemas, Beach Road near RK Beach",0.8,11,Start at Beach Road near VUDA Complex. Walk south along Beach Road. Pass the beachside park and the coconut vendors. Continue past the Gandhi Statue area. RK Beach Cinemas is on the left before the RK Beach junction.,VUDA Complex Beach Road,RK Beach Cinemas,Beach Road,Scenic coastal walk,Yes,Well lit,7 AM to 10 PM,Moderate,"Beach Road Stalls, Masala Kitchen, Juice Centres near RK Beach",https://www.google.com/maps/dir/VUDA+Complex+Beach+Road+Visakhapatnam/RK+Beach+Cinemas+Visakhapatnam/,"Walk south along Beach Road from VUDA Complex toward RK Beach Cinemas. Scenic, breezy and safe at all times."
Beach Road,Waltair Talkies,Waltair,"Waltair Talkies, Waltair Main Road",1.5,20,Start at Beach Road near VUDA Park. Walk inland through the Waltair junction. Turn onto Waltair Main Road. Pass Waltair Club entrance. Continue for 700 metres. Waltair Talkies is on the right side of Waltair Main Road.,VUDA Park Beach Road,Waltair Talkies Waltair Main Road,Beach Road to Waltair Main Road,Beach to Waltair area walk,Yes,Well lit main road,8 AM to 9 PM,Low to moderate,"Waltair Club Canteen, Beach Road Restaurants, AU Campus Area Shops",https://www.google.com/maps/dir/VUDA+Park+Beach+Road+Visakhapatnam/Waltair+Talkies+Visakhapatnam/,Walk from Beach Road through the Waltair junction to Waltair Talkies. Pleasant residential-coastal mix route.
Beach Road,Red Carpet Vizag,Waltair,"Red Carpet Vizag, Waltair Main Road",1.6,21,Start at Beach Road near VUDA Park. Walk to the Waltair Main Road junction. Proceed along Waltair Main Road passing Waltair Club and bungalow stretch. Red Carpet Vizag luxury theatre is on the left side.,"VUDA Park, Beach Road",Red Carpet Vizag Waltair Main Road,Beach Road to Waltair Main Road,Coastal to upscale area walk,Yes,Well lit,8 AM to 10 PM,Low,"Waltair Club Restaurant, Sea-view Cafes, Beach Road Eateries",https://www.google.com/maps/dir/VUDA+Park+Beach+Road+Visakhapatnam/Red+Carpet+Vizag+Visakhapatnam/,Walk from Beach Road into Waltair to the premium Red Carpet Vizag cinema. Ideal evening walk.
Beach Road,Geeta Theatre Visakhapatnam,Daba Gardens,"Geeta Theatre, Daba Gardens Main Road",1.0,13,Start at Beach Road near Daba Gardens junction. Walk inland toward Daba Gardens Main Road. Pass local shops and the Daba Gardens community area. Geeta Theatre is on Daba Gardens Main Road on the right.,"Daba Gardens Junction, Beach Road",Geeta Theatre Daba Gardens,Daba Gardens Main Road,Beach to residential walk,Yes,Good,8 AM to 9 PM,Low,"Daba Gardens Tiffin Centres, Local Juice Shops, Street Stalls",https://www.google.com/maps/dir/Beach+Road+Daba+Gardens+Junction+Visakhapatnam/Geeta+Theatre+Daba+Gardens+Visakhapatnam/,Walk inland from Beach Road to Geeta Theatre in Daba Gardens. Quiet residential stretch with local eateries.
Rushikonda,Rushikonda Cinemax,Rushikonda,"Rushikonda Cinemax, Rushikonda Hill Road",0.5,7,Start at Rushikonda Beach parking area near APTDC Resort. Walk along Rushikonda main road toward the market. Pass the Rushikonda Junction signal. Turn left toward residential colony. Rushikonda Cinemax is on the right side.,"APTDC Beach Resort, Rushikonda",Rushikonda Cinemax,Rushikonda Main Road,Beach to local cinema walk,Yes,Moderate lighting,8 AM to 9 PM,Low to moderate,"Rushikonda Beach Shacks, Hotel Sea View, APTDC Resort Cafeteria",https://www.google.com/maps/dir/Rushikonda+Beach+Visakhapatnam/Rushikonda+Cinemax+Visakhapatnam/,Short walk from scenic Rushikonda Beach to the local Rushikonda Cinemax. Perfect for tourists after a beach visit.
Rushikonda,VPLEX Multiplex,Kommadi,"VPLEX Multiplex, Kommadi Road near VUDA Layout",2.5,32,Start at Rushikonda Beach main entrance. Walk along Rushikonda-Kommadi Road heading inland. Pass the Rushikonda IT Park and petrol bunk. Continue along Kommadi Road. Cross Kommadi junction signal. VPLEX Multiplex is on the right in the Kommadi commercial area.,Rushikonda Beach Entrance,"VPLEX Multiplex, Kommadi",Rushikonda-Kommadi Road,Inland road walk from beach,Yes,Good on main road,7 AM to 8 PM,Low on weekdays,"Kommadi Road Dhabas, Rushikonda Hotel Food Court, KFC Kommadi",https://www.google.com/maps/dir/Rushikonda+Beach+Visakhapatnam/VPLEX+Multiplex+Kommadi+Visakhapatnam/,Longer walk from Rushikonda Beach to VPLEX Multiplex in Kommadi. Wide roads and suburban atmosphere.
Rushikonda,Mukta A2 Cinemas,Kommadi,"Mukta A2 Cinemas, Kommadi Main Road near Rushikonda",2.2,28,Start at Rushikonda Beach. Walk along the Rushikonda main road. After Rushikonda junction take the Kommadi Road direction. Continue past the IT corridor buildings. Mukta A2 Cinemas is in the Kommadi commercial area on the left.,Rushikonda Beach,Mukta A2 Cinemas Kommadi,Rushikonda to Kommadi Road,Beach town to multiplex walk,Yes,Good on main road,7 AM to 8 PM,Low to moderate,"Kommadi Biryani Places, Rushikonda Hotel Food Court, Local Tea Shops",https://www.google.com/maps/dir/Rushikonda+Beach+Visakhapatnam/Mukta+A2+Cinemas+Visakhapatnam/,Walk from Rushikonda Beach to Mukta A2 Cinemas in Kommadi. Wide suburban roads with IT Park views.
Rushikonda,Cinepolis Sree Kanya,Dwaraka Nagar,"Cinepolis Sree Kanya, Sree Kanya Building, Dwaraka Nagar",2.8,36,Start at Rushikonda Beach. Walk along Beach Road toward Dwaraka Nagar direction. Continue south past the Rushikonda junction and proceed along the main road toward Dwaraka Nagar. Cinepolis Sree Kanya is in the Sree Kanya Building on Dwaraka Nagar main road.,Rushikonda Beach,"Cinepolis Sree Kanya, Dwaraka Nagar",Rushikonda Road to Dwaraka Nagar Main Road,Hill-beach to multiplex walk,Yes,Well lit,7 AM to 7 PM,Moderate,"Dwaraka Nagar Restaurants, Rushikonda Hotel, CMR Mall Food Court",https://www.google.com/maps/dir/Rushikonda+Beach+Visakhapatnam/Cinepolis+Sree+Kanya+Visakhapatnam/,Walk from Rushikonda Beach to Cinepolis Sree Kanya in Dwaraka Nagar. Best done in the morning for the scenic stretch.
Lawson's Bay,Cinema Celebrations Mini Theatres,Lawsonsbay,"Cinema Celebrations Mini Theatres, 2nd floor, opposite Lawsonsbay Park",0.4,6,Start at Lawson's Bay Beach near the fishing boat area. Walk into Lawsonsbay Colony main road. Pass local grocery market and community hall. Continue straight along the colony road. Cinema Celebrations Mini Theatres is on the left side opposite the park.,Lawson's Bay Beach Fishing Area,Cinema Celebrations Mini Theatres,Lawsonsbay Colony Road,Residential colony walk,Yes,Moderate,9 AM to 9 PM,Low,"Lawsonsbay Bakery, Local Tiffin Centres, Beach Snack Vendors",https://www.google.com/maps/dir/Lawsons+Bay+Beach+Visakhapatnam/Cinema+Celebrations+Mini+Theatres+Visakhapatnam/,Short easy walk from Lawson's Bay Beach through the colony to Cinema Celebrations Mini Theatres.
Lawson's Bay,INOX Varun Beach,Varun Beach,"INOX Varun Beach, Varun Beach Road",1.2,16,Start at Lawson's Bay Beach promenade. Walk toward Beach Road along the coastal footpath. Join Beach Road at the Lawsonsbay-Beach Road junction. Walk north along Beach Road. Cross Varun Beach Road signal. INOX is on the right.,Lawson's Bay Beach Promenade,INOX Varun Beach,Beach Road / Varun Beach Road,Coastal road and promenade walk,Yes,Well lit on Beach Road,7 AM to 9 PM,Moderate,"Beachside Stalls, Mango Mango Restaurant, Varun Beach Juice Stalls",https://www.google.com/maps/dir/Lawsons+Bay+Beach+Visakhapatnam/INOX+Varun+Beach+Visakhapatnam/,"Lovely coastal walk from Lawson's Bay to INOX Varun Beach. Walk along the promenade, join Beach Road, head north."
Lawson's Bay,Beach Road Cinemas,Beach Road,"Beach Road Cinemas, Beach Road",1.0,13,Start at Lawson's Bay Beach. Join Beach Road at the colony junction. Walk south along Beach Road. Pass VUDA Park on the left. Beach Road Cinemas is visible on the right side of Beach Road.,Lawson's Bay Beach Colony Junction,Beach Road Cinemas,Beach Road,Promenade to cinema walk,Yes,Well lit,7 AM to 9 PM,Moderate,"Beach Road Stalls, VUDA Park Tea Shop, Juice Centres",https://www.google.com/maps/dir/Lawsons+Bay+Beach+Visakhapatnam/Beach+Road+Cinemas+Visakhapatnam/,Walk from Lawson's Bay along Beach Road to Beach Road Cinemas. Breezy coastal walk throughout.
Lawson's Bay,Surya Cinema Beach Road,Beach Road,"Surya Cinema Beach Road, near RK Beach",1.4,18,"Start at Lawson's Bay Beach and walk to Beach Road. Turn south on Beach Road. Continue past VUDA Park and beachside stalls. After the park end, Surya Cinema Beach Road is on the right side of Beach Road.",Lawson's Bay Beach,Surya Cinema Beach Road,Beach Road,Coastal long walk,Yes,Well lit,7 AM to 9 PM,Moderate,"Beach Stalls, Juice Shops, Hotel Green Park",https://www.google.com/maps/dir/Lawsons+Bay+Beach+Visakhapatnam/Surya+Cinema+Beach+Road+Visakhapatnam/,Longer beachside walk from Lawson's Bay to Surya Cinema. Enjoy the full stretch of Beach Road with sea views.
Lawson's Bay,RK Beach Cinemas,Beach Road,"RK Beach Cinemas, Beach Road near RK Beach",1.6,21,"Start at Lawson's Bay. Join Beach Road and walk south. Continue past VUDA Park, Surya Cinema area and all the beachside stretch. RK Beach Cinemas is near the RK Beach end of Beach Road on the left.",Lawson's Bay Beach,RK Beach Cinemas,Beach Road,Long coastal promenade walk,Yes,Well lit,7 AM to 9 PM,Moderate,"Multiple Beach Road Eateries, Masala Kitchen, Juice Stalls",https://www.google.com/maps/dir/Lawsons+Bay+Beach+Visakhapatnam/RK+Beach+Cinemas+Visakhapatnam/,Walk from Lawson's Bay all the way south along Beach Road to RK Beach Cinemas. One of the best beach walks in Vizag.
Siripuram,V Max Theatre,Siripuram,"V Max Theatre, Siripuram Junction",0.3,4,Start at Siripuram Junction near VUDA Complex. Walk a few meters along Siripuram Road. V Max Theatre is located right next to VUDA Complex on the same road. Look for the multiplex signboard on your left.,"VUDA Complex, Siripuram",V Max Theatre Entrance,Siripuram Road,Very short junction walk,Yes,Excellent,7 AM to 11 PM,High in evenings,"Siripuram Food Court, Café Coffee Day Siripuram, Hotel Midlands",https://www.google.com/maps/dir/Siripuram+Junction+Visakhapatnam/V+Max+Theatre+Siripuram+Visakhapatnam/,Very short walk from Siripuram Junction to V Max Theatre. One of the easiest theater walks in Vizag.
Siripuram,Cinepolis Fun Republic Mall,Siripuram,"Cinepolis Fun Republic Mall, Waltair Main Rd Siripuram",0.5,7,Start at Siripuram VUDA Complex entrance. Walk along Siripuram main road toward Fun Republic Mall. Pass SBI Siripuram branch. Continue straight. Cinepolis Fun Republic Mall is on your right with large mall signage.,"VUDA Complex, Siripuram",Cinepolis Fun Republic Mall,Siripuram-Fun Republic Road / Waltair Main Road,Commercial area walk,Yes,Excellent,9 AM to 11 PM,High on weekends,"Fun Republic Mall Food Court, McDonald's Fun Republic, KFC Siripuram",https://www.google.com/maps/dir/Siripuram+VUDA+Complex+Visakhapatnam/Cinepolis+Fun+Republic+Mall+Visakhapatnam/,Walk from VUDA Complex to Cinepolis Fun Republic Mall. Short urban walk through busy commercial Siripuram stretch.
Siripuram,PVR Theatre Vizag,Dwaraka Nagar,"PVR Theatre Vizag, Dwaraka Nagar",1.5,20,"Start at Siripuram Junction. Walk along Siripuram-Dwaraka Nagar main road. Pass Siripuram Flyover. Continue past Dwaraka Nagar Road No. 1. After Dwaraka Nagar main circle, walk toward CMR Mall direction. PVR Theatre is in the commercial complex.",Siripuram Junction,"PVR Theatre Vizag, Dwaraka Nagar",Siripuram-Dwaraka Nagar Main Road,Urban road walk,Yes,Very well lit main road,8 AM to 10 PM,Moderate to High,"CMR Mall Food Court, Dwaraka Nagar Restaurants, Barbeque Nation",https://www.google.com/maps/dir/Siripuram+Junction+Visakhapatnam/PVR+Theatre+Visakhapatnam/,Moderate urban walk from Siripuram Junction to PVR Theatre in Dwaraka Nagar along the main commercial corridor.
Siripuram,Cinepolis Visakhapatnam,Dwaraka Nagar,"Cinepolis Visakhapatnam, CMR Central, Dwaraka Nagar",1.6,21,Start at Siripuram Junction. Walk east toward Dwaraka Nagar along the main road. Pass the flyover and Dwaraka Nagar circle area. Proceed to CMR Central Mall. Cinepolis Visakhapatnam is inside CMR Central on upper floors.,Siripuram Junction,Cinepolis inside CMR Central Mall,Siripuram to Dwaraka Nagar Main Road,Urban commercial walk,Yes,Well lit,9 AM to 11 PM,High on weekends,"CMR Mall Food Court, Pizza Hut Dwaraka Nagar, Dominos Dwaraka Nagar",https://www.google.com/maps/dir/Siripuram+Junction+Visakhapatnam/Cinepolis+Visakhapatnam/,Walk from Siripuram to Cinepolis inside CMR Central Mall in Dwaraka Nagar. Busy commercial stretch route.
Siripuram,INOX Chitralayaa Mall,Asilmetta,"INOX Chitralayaa Mall, Asilmetta Junction",0.9,12,Start at Siripuram Junction. Walk along Waltair Main Road in the direction of Asilmetta. Pass HDFC Bank and commercial shops. Continue straight until Asilmetta Flyover. Chitralayaa Mall entrance is on the left. INOX is inside on upper floor.,Siripuram Junction,"INOX inside Chitralayaa Mall, Asilmetta",Waltair Main Road / Siripuram-Asilmetta Road,Commercial corridor walk,Yes,Excellent,9 AM to 11 PM,High on weekends,"Chitralayaa Mall Food Court, Café Coffee Day, KFC Asilmetta",https://www.google.com/maps/dir/Siripuram+Junction+Visakhapatnam/INOX+Chitralayaa+Mall+Visakhapatnam/,Walk from Siripuram to INOX Chitralayaa Mall in Asilmetta along the main commercial road. Very well-lit and tourist-friendly.
Siripuram,Vasavi Theatre Asilmetta,Asilmetta,"Vasavi Theatre, Asilmetta Junction",1.0,13,Start at Siripuram Junction. Walk along main road toward Asilmetta. Pass the commercial shops and banking zone. Continue to Asilmetta Junction. After the flyover take the side lane. Vasavi Theatre is on the right near the residential zone.,Siripuram Junction,Vasavi Theatre Asilmetta,Siripuram to Asilmetta Main Road,Junction to local theatre walk,Yes,Good,8 AM to 9 PM,Low to moderate,"Asilmetta Dosa Stalls, Aromas Cafe, Local Juice Shops",https://www.google.com/maps/dir/Siripuram+Junction+Visakhapatnam/Vasavi+Theatre+Asilmetta+Visakhapatnam/,Walk from Siripuram to Vasavi Theatre in Asilmetta. Straight commercial road walk.
Siripuram,Padma Theatre Visakhapatnam,Asilmetta,"Padma Theatre, Asilmetta Junction",1.0,13,Start at Siripuram Junction. Walk along the main road toward Asilmetta. Pass commercial area and banks. Reach Asilmetta Bus Stop. Continue 400 metres. Padma Theatre is on the right side of the road near Asilmetta residential zone.,Siripuram Junction,Padma Theatre Asilmetta,Siripuram-Asilmetta Main Road,Straight urban walk,Yes,Good,8 AM to 9 PM,Moderate,"Tiffin Centres near Asilmetta, Hotel Rajdhani, Local Snack Stalls",https://www.google.com/maps/dir/Siripuram+Junction+Visakhapatnam/Padma+Theatre+Visakhapatnam/,Walk from Siripuram to Padma Theatre in Asilmetta. The road is straight and busy with local market activity.
MVP Colony,Mirage Cinemas,MVP Colony,"Mirage Cinemas, MVP Colony",0.4,6,Start at MVP Colony main entrance near VMRDA Park. Walk along MVP Colony Sector 9 road. Pass local vegetable market and MVP Colony shopping complex. Mirage Cinemas is visible on the right side of the road after the next turn.,"VMRDA Park Gate, MVP Colony",Mirage Cinemas MVP Colony,MVP Colony Sector 9 Road,Residential colony road walk,Yes,Good,8 AM to 10 PM,"Moderate on weekdays, high on weekends","MVP Colony Tiffin Centres, Bawarchi Restaurant, Mohana's Bakery",https://www.google.com/maps/dir/MVP+Colony+VMRDA+Park+Visakhapatnam/Mirage+Cinemas+MVP+Colony+Visakhapatnam/,Short walk from VMRDA Park to Mirage Cinemas inside MVP Colony. Pleasant colony walk with shops and eateries.
MVP Colony,MVP Talkies,MVP Colony,"MVP Talkies, MVP Colony",0.5,7,Start at MVP Colony Water Tank junction. Walk along the colony inner road toward Sector 6. Pass MVP Colony park and local bakery. MVP Talkies is on the left near the colony main market area.,MVP Colony Water Tank Junction,MVP Talkies,MVP Colony Inner Road Sector 6,Colony inner road walk,Yes,Moderate to good,8 AM to 9 PM,Low to moderate,"MVP Market Food Stalls, Aditya Bakery, Spicy Dosa Corner",https://www.google.com/maps/dir/MVP+Colony+Water+Tank+Visakhapatnam/MVP+Talkies+Visakhapatnam/,Easy colony stroll from MVP Water Tank area to MVP Talkies. Quiet inner roads with local shops.
MVP Colony,Lakshmi Theatre MVP Colony,MVP Colony,"Lakshmi Theatre, MVP Colony Sector 11",0.6,9,Start at MVP Colony Bus Stop near Sector 7. Walk along main colony road deeper into MVP Colony. Pass children's play area and grocery stores. Turn left at junction near MVP Community Hall. Lakshmi Theatre is on the right.,MVP Colony Bus Stop Sector 7,Lakshmi Theatre MVP Colony,MVP Colony Road Sector 7,Colony walk,Yes,Good,8 AM to 9 PM,Low,"Hotel Arya Bhavan, Local Chat Stalls, MVP Bakery",https://www.google.com/maps/dir/MVP+Colony+Sector+7+Visakhapatnam/Lakshmi+Theatre+MVP+Colony+Visakhapatnam/,Pleasant colony walk inside MVP Colony from Sector 7 bus stop to Lakshmi Theatre.
MVP Colony,Sri Kanaka Durga Theatre MVP Colony,MVP Colony,"Sri Kanaka Durga Theatre, MVP Colony Sector-7",0.7,10,Start at MVP Colony Park near Water Tank road. Walk along MVP Colony main service road. Pass the temple and local clinic. Continue straight for 500 metres. Sri Kanaka Durga Theatre is visible on the right near the colony back area.,"MVP Colony Park, Water Tank Road",Sri Kanaka Durga Theatre MVP Colony,MVP Colony Service Road,Colony residential walk,Yes,Moderate,8 AM to 9 PM,Low,"Colony Tiffin Centres, Bhavani Bakery, Street Side Snacks",https://www.google.com/maps/dir/MVP+Colony+Park+Visakhapatnam/Sri+Kanaka+Durga+Theatre+MVP+Colony+Visakhapatnam/,Walk through inner roads of MVP Colony from the park area to Sri Kanaka Durga Theatre. Quiet and family-friendly.
MVP Colony,Roja Theatre MVP Colony,MVP Colony,"Roja Theatre, MVP Colony Sector 5",0.6,8,Start at MVP Colony main entrance near VMRDA Park. Walk along the colony road toward Sector 5. Pass the local market shops and colony park area. Roja Theatre is on the left side of the road in Sector 5.,"VMRDA Park, MVP Colony",Roja Theatre MVP Colony Sector 5,MVP Colony Main Road Sector 5,Colony walk,Yes,Good,8 AM to 9 PM,Moderate,"MVP Market Stalls, VMRDA Park Tea Shop, Bawarchi Restaurant",https://www.google.com/maps/dir/MVP+Colony+VMRDA+Park+Visakhapatnam/Roja+Theatre+MVP+Colony+Visakhapatnam/,Walk from VMRDA Park to Roja Theatre in MVP Colony Sector 5. Quiet residential colony walk.
MVP Colony,Sailaja Theatre MVP Colony,MVP Colony,"Sailaja Theatre, MVP Colony 5th Sector",0.5,7,Start at MVP Colony main road near the bus stop. Walk into the colony along the 5th Sector road. Pass the colony park and the vegetable vendors. Sailaja Theatre is on the left side of the 5th Sector road.,MVP Colony Bus Stop,Sailaja Theatre MVP Colony 5th Sector,MVP Colony 5th Sector Road,Colony bus stop to theater walk,Yes,Good,8 AM to 9 PM,Low,"MVP Market Stalls, Local Tiffin Centres, Colony Bakery",https://www.google.com/maps/dir/MVP+Colony+Bus+Stop+Visakhapatnam/Sailaja+Theatre+MVP+Colony+Visakhapatnam/,Walk from the MVP Colony Bus Stop to Sailaja Theatre through the 5th Sector inner roads.
MVP Colony,Madhavi Theatre MVP Colony,MVP Colony,"Madhavi Theatre, MVP Colony Main Road",0.5,7,Start at MVP Colony VMRDA Park gate. Walk along MVP Colony Main Road heading inward. Pass the local bank branch and market area. Madhavi Theatre is on the left side of MVP Colony Main Road.,"VMRDA Park Gate, MVP Colony",Madhavi Theatre MVP Colony,MVP Colony Main Road,Main road colony walk,Yes,Moderate,8 AM to 9 PM,Low,"MVP Market, Colony Tiffin Shops, Bakery Near Park",https://www.google.com/maps/dir/MVP+Colony+VMRDA+Park+Visakhapatnam/Madhavi+Theatre+MVP+Colony+Visakhapatnam/,Walk from VMRDA Park to Madhavi Theatre along MVP Colony Main Road. Simple and quick colony walk.
MVP Colony,Miraj Cinemas Vizag,Hanumanthawaka,"Miraj Cinemas, Hanumanthawaka Junction",1.2,16,Start at MVP Colony main circle. Walk along the main road toward Hanumanthuwaka direction. Pass the colony boundary and the road junction. Continue to Hanumanthuwaka Junction. Miraj Cinemas is on the right side at the junction.,MVP Colony Main Circle,Miraj Cinemas Hanumanthuwaka,MVP Colony to Hanumanthuwaka Main Road,Colony to multiplex walk,Yes,Good main road,9 AM to 10 PM,Moderate,"Hanumanthuwaka Local Tiffin, MVP Bakery, Biryani Shops",https://www.google.com/maps/dir/MVP+Colony+Visakhapatnam/Miraj+Cinemas+Vizag+Visakhapatnam/,Walk from MVP Colony to Miraj Cinemas in Hanumanthuwaka. Comfortable road walk through the connecting main road.
Dwaraka Nagar,Cinepolis Visakhapatnam,Dwaraka Nagar,"Cinepolis Visakhapatnam, CMR Central, Dwaraka Nagar",0.3,4,Start at Dwaraka Nagar Main Circle. Walk along main road toward CMR Central Mall. Pass the Axis Bank ATM and flower vendors. CMR Central Mall is directly ahead. Cinepolis is inside CMR Central on upper floors.,Dwaraka Nagar Main Circle,Cinepolis inside CMR Central Mall,Dwaraka Nagar Main Road,Short commercial area walk,Yes,Excellent,9 AM to 11 PM,High on weekends,"CMR Mall Food Court, Pizza Hut Dwaraka Nagar, Dominos Dwaraka Nagar",https://www.google.com/maps/dir/Dwaraka+Nagar+Circle+Visakhapatnam/Cinepolis+Visakhapatnam/,Just 4 minutes from Dwaraka Nagar Main Circle to Cinepolis inside CMR Central Mall.
Dwaraka Nagar,PVR Theatre Vizag,Dwaraka Nagar,"PVR Theatre Vizag, Dwaraka Nagar",0.4,6,Start at Dwaraka Nagar Circle near SBI Bank. Walk along Dwaraka Nagar main road. Pass local market and petrol bunk. Turn right at the CMR Mall junction. PVR Theatre is on the right in the commercial complex.,"SBI Bank, Dwaraka Nagar Circle",PVR Theatre Vizag,Dwaraka Nagar Main Road,Commercial hub walk,Yes,Very well lit,9 AM to 11 PM,High on weekends,"CMR Mall Food Court, Barbeque Nation, McDonald's Dwaraka Nagar",https://www.google.com/maps/dir/Dwaraka+Nagar+SBI+Visakhapatnam/PVR+Theatre+Visakhapatnam/,Short walk from Dwaraka Nagar Circle to PVR Theatre through the main commercial road.
Dwaraka Nagar,Cinepolis Sree Kanya,Dwaraka Nagar,"Cinepolis Sree Kanya, Sree Kanya Building, Dwaraka Nagar",0.4,6,Start at Dwaraka Nagar Main Circle. Walk along the main Dwaraka Nagar road toward the Sree Kanya Building. Pass the market shops and the local bank. Cinepolis Sree Kanya is inside the Sree Kanya Building clearly visible from the road.,Dwaraka Nagar Main Circle,"Cinepolis Sree Kanya, Sree Kanya Building",Dwaraka Nagar Main Road,Very short multiplex walk,Yes,Excellent,9 AM to 11 PM,High on weekends,"CMR Mall Food Court, Nearby Restaurants, KFC Dwaraka Nagar",https://www.google.com/maps/dir/Dwaraka+Nagar+Circle+Visakhapatnam/Cinepolis+Sree+Kanya+Visakhapatnam/,Just a few minutes walk from Dwaraka Nagar Main Circle to Cinepolis Sree Kanya inside the Sree Kanya Building.
Dwaraka Nagar,Chitralaya Theatre,Dwaraka Nagar,"Chitralaya Theatre, Dwaraka Nagar",0.5,7,Start at Dwaraka Nagar Main Circle. Walk toward Dwaraka Nagar Road No. 2. Pass vegetable market and school junction. Continue along the road. Chitralaya Theatre is on the left of Road No. 2 before the next signal.,Dwaraka Nagar Main Circle,Chitralaya Theatre Dwaraka Nagar,Dwaraka Nagar Road No. 2,Commercial to residential walk,Yes,Good on main road,9 AM to 9 PM,Low to moderate,"Dwaraka Nagar Idly Shops, Hotel Sagar, Local Bakeries",https://www.google.com/maps/dir/Dwaraka+Nagar+Circle+Visakhapatnam/Chitralaya+Theatre+Dwaraka+Nagar+Visakhapatnam/,Walk from Dwaraka Nagar Main Circle to Chitralaya Theatre along Road No. 2.
Dwaraka Nagar,Sri Kanya Theatre,Dwaraka Nagar,"Sri Kanya Theatre, Dwaraka Nagar",0.6,9,Start at Dwaraka Nagar Bus Stop on main road. Walk along Dwaraka Nagar Road past local shops and banks. After the vegetable market turn right at the junction. Walk 200 metres ahead. Sri Kanya Theatre is on the left before Beach Road signal.,Dwaraka Nagar Bus Stop,Sri Kanya Theatre Dwaraka Nagar,Dwaraka Nagar Main Road,Urban road walk,Yes,Well lit,8 AM to 9 PM,Moderate,"Hotel Ram Bhavan, Tiffin Stalls Near Market, Dwaraka Nagar Juice Centre",https://www.google.com/maps/dir/Dwaraka+Nagar+Bus+Stop+Visakhapatnam/Sri+Kanya+Theatre+Visakhapatnam/,Walk from Dwaraka Nagar Bus Stop to Sri Kanya Theatre along the main commercial road.
Dwaraka Nagar,Dwaraka Talkies,Dwaraka Nagar,"Dwaraka Talkies, Dwaraka Nagar",0.4,6,Start at Dwaraka Nagar Main Circle. Walk along Dwaraka Nagar road in the direction of the old cinema area. Pass the grocery stores and the local street market. Dwaraka Talkies is on the right side of the road.,Dwaraka Nagar Main Circle,Dwaraka Talkies,Dwaraka Nagar Main Road,Local area walk,Yes,Good,8 AM to 9 PM,Low to moderate,"Dwaraka Nagar Market Stalls, Local Bakeries, Juice Centres",https://www.google.com/maps/dir/Dwaraka+Nagar+Circle+Visakhapatnam/Dwaraka+Talkies+Visakhapatnam/,Short walk from Dwaraka Nagar Main Circle to the local Dwaraka Talkies single-screen cinema.
Dwaraka Nagar,Santhi Theatre Dwaraka Nagar,Dwaraka Nagar,"Santhi Theatre, Dwaraka Nagar",0.5,7,Start at Dwaraka Nagar Circle. Walk along the main road in the residential direction. Pass the local government office and the small lane markets. Santhi Theatre is on the right side of the road in the Dwaraka Nagar area.,Dwaraka Nagar Circle,Santhi Theatre Dwaraka Nagar,Dwaraka Nagar Main Road,Residential road walk,Yes,Good,8 AM to 9 PM,Low to moderate,"Dwaraka Nagar Market Food, Tiffin Centres, Hotel Sagar",https://www.google.com/maps/dir/Dwaraka+Nagar+Circle+Visakhapatnam/Santhi+Theatre+Dwaraka+Nagar+Visakhapatnam/,Walk from Dwaraka Nagar Circle to Santhi Theatre through the residential stretch of Dwaraka Nagar.
Dwaraka Nagar,Vijaya Theatre Dwaraka Nagar,Dwaraka Nagar,"Vijaya Theatre, 2nd Lane, Dwaraka Nagar",0.5,7,Start at Dwaraka Nagar Main Road near the bus stand. Walk along Dwaraka Nagar main road. Take the 2nd Lane turn. Pass the local residential buildings. Vijaya Theatre is on the left side of 2nd Lane Dwaraka Nagar.,Dwaraka Nagar Bus Stand,Vijaya Theatre Dwaraka Nagar 2nd Lane,Dwaraka Nagar 2nd Lane,Lane walk in colony area,Yes,Good,8 AM to 9 PM,Moderate,"Local Tiffin Stalls, Hotel Ram Bhavan, Juice Stalls Nearby",https://www.google.com/maps/dir/Dwaraka+Nagar+Bus+Stand+Visakhapatnam/Vijaya+Theatre+Dwaraka+Nagar+Visakhapatnam/,Walk from Dwaraka Nagar Bus Stand to Vijaya Theatre through the 2nd Lane. Quick and simple.
Dwaraka Nagar,Satyam Theatre Dwaraka Nagar,Dwaraka Nagar,"Satyam Theatre, Dwaraka Nagar Main Road",0.5,7,Start at Dwaraka Nagar Main Circle. Walk along Dwaraka Nagar Main Road past the shopping area. Continue 400 metres past the local park. Satyam Theatre is on the right side of the main road.,Dwaraka Nagar Main Circle,Satyam Theatre Dwaraka Nagar,Dwaraka Nagar Main Road,Commercial area walk,Yes,Good,8 AM to 9 PM,Moderate,"Dwaraka Nagar Shopping Area Stalls, Nearby Restaurants, Local Bakery",https://www.google.com/maps/dir/Dwaraka+Nagar+Circle+Visakhapatnam/Satyam+Theatre+Dwaraka+Nagar+Visakhapatnam/,Walk from Dwaraka Nagar Circle to Satyam Theatre along the main road. Busy shopping strip walk.
Dwaraka Nagar,Sri Rama Theatre Dwaraka Nagar,Dwaraka Nagar,"Sri Rama Theatre, Dwaraka Nagar Main Road near Municipal Office",0.6,9,Start at Dwaraka Nagar Main Circle. Walk along the main road past the Municipal Office. Continue along the road through the commercial and residential stretch. Sri Rama Theatre is on the right side near the Municipal Office area.,Dwaraka Nagar Main Circle,Sri Rama Theatre Dwaraka Nagar,Dwaraka Nagar Main Road,Municipality area walk,Yes,Good,8 AM to 9 PM,Moderate to high on weekends,"Dwaraka Nagar Park Tiffin, Hotel Ram Bhavan, Juice Stalls",https://www.google.com/maps/dir/Dwaraka+Nagar+Circle+Visakhapatnam/Sri+Rama+Theatre+Dwaraka+Nagar+Visakhapatnam/,Walk from Dwaraka Nagar Circle past the Municipal Office to Sri Rama Theatre. Popular family theatre stretch.
Dwaraka Nagar,Padmavati Theatre Dwaraka Nagar,Dwaraka Nagar,"Padmavati Theatre, Dwaraka Nagar",0.5,7,Start at Dwaraka Nagar Bus Stand. Walk along the colony road inward. Pass local shops and residential buildings. Padmavati Theatre is visible on the road toward the MVP Colony direction.,Dwaraka Nagar Bus Stand,Padmavati Theatre Dwaraka Nagar,Dwaraka Nagar Colony Road,Colony road walk,Yes,Moderate,8 AM to 9 PM,Low,"Local Tiffin Shops, Hotel Midlands, Street Snacks Near Bus Stand",https://www.google.com/maps/dir/Dwaraka+Nagar+Bus+Stand+Visakhapatnam/Padmavati+Theatre+Dwaraka+Nagar+Visakhapatnam/,Walk from Dwaraka Nagar Bus Stand to Padmavati Theatre through the colony roads.
Dwaraka Nagar,Santosh Theatre Dwaraka Nagar,Dwaraka Nagar,"Santosh Theatre, Dwaraka Nagar 2nd Lane",0.5,7,Start at Dwaraka Nagar Main Circle. Walk along Dwaraka Nagar 2nd Lane. Pass the residential buildings and local park. Santosh Theatre is on the left side of the lane.,Dwaraka Nagar Main Circle,Santosh Theatre Dwaraka Nagar 2nd Lane,Dwaraka Nagar 2nd Lane,Lane walk,Yes,Moderate,8 AM to 9 PM,Low,"Dwaraka Nagar Park Tea Stalls, Local Bakeries, Nearby Restaurants",https://www.google.com/maps/dir/Dwaraka+Nagar+Circle+Visakhapatnam/Santosh+Theatre+Dwaraka+Nagar+Visakhapatnam/,Walk from Dwaraka Nagar Circle to Santosh Theatre in the 2nd Lane. Quiet residential lane walk.
Dwaraka Nagar,Leela Mahal,Suryabagh,"Leela Mahal, Suryabagh",1.2,16,Start at Dwaraka Nagar Circle. Walk along the main road toward Suryabagh direction. Pass the Dwaraka Nagar commercial area. Continue toward Suryabagh junction. Leela Mahal is on the main road in Suryabagh.,Dwaraka Nagar Main Circle,Leela Mahal Suryabagh,Dwaraka Nagar to Suryabagh Main Road,Urban walk to old city area,Yes,Good,8 AM to 9 PM,Moderate,"Suryabagh Restaurants, Dwaraka Nagar Tiffin, Local Juice Stalls",https://www.google.com/maps/dir/Dwaraka+Nagar+Circle+Visakhapatnam/Leela+Mahal+Theatre+Visakhapatnam/,Walk from Dwaraka Nagar to Leela Mahal in Suryabagh. A moderate urban walk through the commercial stretch.
Asilmetta,Vasavi Theatre Asilmetta,Asilmetta,"Vasavi Theatre, Asilmetta Junction",0.4,6,Start at Asilmetta Junction near the signal. Walk along the Asilmetta main road. Pass local market and Asilmetta park area. Take side lane after park gate. Vasavi Theatre is on the right side of the lane.,Asilmetta Junction Signal,Vasavi Theatre Asilmetta,Asilmetta Main Road,Junction to local theater walk,Yes,Moderate,8 AM to 9 PM,Low to moderate,"Asilmetta Dosa Stalls, Aromas Cafe, Local Juice Shops",https://www.google.com/maps/dir/Asilmetta+Junction+Visakhapatnam/Vasavi+Theatre+Asilmetta+Visakhapatnam/,Short walk from Asilmetta Junction to Vasavi Theatre through local roads.
Asilmetta,INOX Chitralayaa Mall,Asilmetta,"INOX Chitralayaa Mall, Asilmetta Junction",0.5,7,Start at Asilmetta Junction near the flyover. Walk along the main road toward Chitralayaa Mall. Pass banks and commercial shops. Chitralayaa Mall entrance is on the left. INOX is inside on upper floor.,Asilmetta Flyover Junction,INOX inside Chitralayaa Mall Asilmetta,Asilmetta Main Road,Commercial area walk,Yes,Excellent,9 AM to 11 PM,High on weekends,"Chitralayaa Mall Food Court, Café Coffee Day, KFC Asilmetta",https://www.google.com/maps/dir/Asilmetta+Flyover+Visakhapatnam/INOX+Chitralayaa+Mall+Visakhapatnam/,Walk from Asilmetta Flyover to INOX Chitralayaa Mall. Short urban walk through commercial stretch.
Asilmetta,Padma Theatre Visakhapatnam,Asilmetta,"Padma Theatre, Asilmetta Junction",0.6,9,Start at Asilmetta Bus Stop. Walk along Asilmetta main road. Pass government office building and local tea stalls. Continue 400 metres. Padma Theatre is on the right side near the Asilmetta residential zone.,Asilmetta Bus Stop,Padma Theatre Asilmetta,Asilmetta Main Road,Straight urban walk,Yes,Good,8 AM to 9 PM,Moderate,"Tiffin Centres near Asilmetta, Hotel Rajdhani, Local Snack Stalls",https://www.google.com/maps/dir/Asilmetta+Bus+Stop+Visakhapatnam/Padma+Theatre+Visakhapatnam/,Walk from Asilmetta Bus Stop to Padma Theatre. Straight and lively road with local market activity.
Asilmetta,Cinepolis Visakhapatnam,Dwaraka Nagar,"Cinepolis Visakhapatnam, CMR Central, Dwaraka Nagar",1.0,13,Start at Asilmetta Junction. Walk along the main road toward Dwaraka Nagar. Pass the commercial stretch. Cross Dwaraka Nagar circle. CMR Central Mall is straight ahead. Cinepolis is inside CMR Central on upper floors.,Asilmetta Junction,Cinepolis CMR Central Dwaraka Nagar,Asilmetta to Dwaraka Nagar Main Road,Commercial corridor walk,Yes,Well lit,9 AM to 11 PM,High on weekends,"CMR Mall Food Court, Dwaraka Nagar Restaurants, Nearby Cafes",https://www.google.com/maps/dir/Asilmetta+Junction+Visakhapatnam/Cinepolis+Visakhapatnam/,"Walk from Asilmetta to Cinepolis in CMR Central, Dwaraka Nagar. Busy commercial road walk."
Asilmetta,Leela Mahal,Suryabagh,"Leela Mahal, Suryabagh",0.8,11,Start at Asilmetta Junction. Walk along the main road toward Suryabagh. Pass local shops and road stalls. Continue to Suryabagh junction. Leela Mahal is clearly visible on the main road in Suryabagh.,Asilmetta Junction,Leela Mahal Suryabagh,Asilmetta to Suryabagh Main Road,Urban junction walk,Yes,Good,8 AM to 9 PM,Moderate,"Suryabagh Restaurants, Local Tiffin Centres, Juice Shops",https://www.google.com/maps/dir/Asilmetta+Junction+Visakhapatnam/Leela+Mahal+Theatre+Visakhapatnam/,Walk from Asilmetta Junction to Leela Mahal in Suryabagh. Moderate urban walk connecting two busy areas.
Jagadamba,Melody Theatre,Jagadamba Junction,"Melody Theatre, Jagadamba Junction",0.2,3,Start at Jagadamba Junction main signal. Walk along Jagadamba main road. Melody Theatre is right at the Jagadamba Junction area. Walk just 2 minutes and the theatre is visible with its large hoarding on the right side.,Jagadamba Junction Signal,Melody Theatre Jagadamba,Jagadamba Main Road,Very short junction walk,Yes,Excellent,7 AM to 10 PM,High during show times,"Jagadamba Junction Chat Stalls, Sri Kanya Restaurant, Hotel Annapoorna",https://www.google.com/maps/dir/Jagadamba+Junction+Visakhapatnam/Melody+Theatre+Visakhapatnam/,3-minute walk from Jagadamba Junction signal to Melody Theatre. One of the most convenient theater walks in Vizag.
Jagadamba,Sangam Sarat Theatre,Jagadamba Junction,"Sangam Sarat Theatre, Jagadamba Junction",0.3,4,Start at Jagadamba Junction near the clock tower area. Walk a short distance along the main junction road. Pass flower market vendors and roadside shops. Sangam Sarat Theatre is clearly visible from the junction on the right.,Jagadamba Junction Clock Tower Area,Sangam Sarat Theatre,Jagadamba Main Junction Road,Junction area short walk,Yes,Excellent,7 AM to 10 PM,High during shows and evenings,"Bombay Chaat, Anand Restaurant, Jagadamba Snack Stalls",https://www.google.com/maps/dir/Jagadamba+Junction+Visakhapatnam/Sangam+Sarat+Theatre+Visakhapatnam/,Very short walk from Jagadamba Junction to Sangam Sarat Theatre. The junction is always busy and lively.
Jagadamba,Jagadamba Theatre,Jagadamba Junction,"Jagadamba Theatre, Jagadamba Junction",0.2,3,Start right at Jagadamba Junction signal. The iconic Jagadamba Theatre is almost at the junction itself. Walk along the Jagadamba Junction road for just 2 minutes and the theatre is visible with its large hoarding.,Jagadamba Junction Signal,Jagadamba Theatre,Jagadamba Main Road,Iconic junction theater walk,Yes,Excellent,7 AM to 10 PM,High,"Jagadamba Juice Shop, Sri Kanya Sweets, Hotel Annapoorna",https://www.google.com/maps/dir/Jagadamba+Junction+Visakhapatnam/Jagadamba+Theatre+Visakhapatnam/,The iconic Jagadamba Theatre is barely 2 minutes from Jagadamba Junction. One of the most famous theater walks.
Jagadamba,Urvasi Theatre,Jagadamba Junction,"Urvasi Theatre, Jagadamba Junction",0.3,4,Start at Jagadamba Junction. Walk along the Jagadamba-Suryabagh main road for about 200 metres. Pass local medical shops and grocery stores. Urvasi Theatre is on the left side of the road just before the next signal.,Jagadamba Junction,Urvasi Theatre Jagadamba,Jagadamba-Suryabagh Road,Short city center walk,Yes,Excellent,7 AM to 10 PM,Moderate to high,"Jagadamba Street Food, Local Bakeries, Hotel Sri Kanya",https://www.google.com/maps/dir/Jagadamba+Junction+Visakhapatnam/Urvasi+Theatre+Visakhapatnam/,"Walk from Jagadamba Junction to Urvasi Theatre along the main city road. Busy, safe and lively walk."
Jagadamba,Sarat Sagar Theatre,Jagadamba,"Sarat Sagar Theatre, Jagadamba Junction Chitralaya Road",0.4,6,Start at Jagadamba Junction near the bus stand. Walk along Jagadamba main road past junction shops. Continue on the road past the local cinema signboards and old buildings. Sarat Sagar Theatre is on the right side in Jagadamba area.,Jagadamba Bus Stand Area,Sarat Sagar Theatre Jagadamba,Jagadamba Main Road / Chitralaya Road,City center walk,Yes,Well lit,8 AM to 10 PM,Moderate to high,"Jagadamba Juice Shops, Hotel Annapoorna, Local Biryani Stalls",https://www.google.com/maps/dir/Jagadamba+Bus+Stand+Visakhapatnam/Sarat+Sagar+Theatre+Jagadamba+Visakhapatnam/,Walk from Jagadamba Bus Stand to Sarat Sagar Theatre through the busy Jagadamba area. Classic city walk in old Vizag.
Jagadamba,Sri Srinivasa Theatre Jagadamba,Jagadamba,"Sri Srinivasa Theatre, near bus stand Jagadamba",0.4,6,Start at Jagadamba Junction main road. Walk along the Jagadamba road toward the older part of the locality. Pass the Annapoorna Hotel and local textile shops. Sri Srinivasa Theatre is on the left side of the road in Jagadamba locality.,Jagadamba Junction Main Road,Sri Srinivasa Theatre Jagadamba,Jagadamba Road,Old city center walk,Yes,Good,8 AM to 10 PM,Moderate,"Hotel Annapoorna, Jagadamba Chat Corner, Local Sweet Shops",https://www.google.com/maps/dir/Jagadamba+Junction+Visakhapatnam/Sri+Srinivasa+Theatre+Jagadamba+Visakhapatnam/,Short stroll from Jagadamba Junction to Sri Srinivasa Theatre. A charming old-city walk experience.
Jagadamba,Sri Durga Bhavani Theatre,Jagadamba Junction,"Sri Durga Bhavani Theatre, near Jagadamba Junction",0.3,4,Start at Jagadamba Junction. Walk a short distance along the road near Jagadamba Junction. Pass the small shops and roadside vendors. Sri Durga Bhavani Theatre is on the left side near the junction area.,Jagadamba Junction,Sri Durga Bhavani Theatre,Jagadamba Junction Road,Very short junction walk,Yes,Good,8 AM to 10 PM,Moderate,"Jagadamba Snack Stalls, Chat Centres, Local Juice Shops",https://www.google.com/maps/dir/Jagadamba+Junction+Visakhapatnam/Sri+Durga+Bhavani+Theatre+Visakhapatnam/,A very short walk from Jagadamba Junction to Sri Durga Bhavani Theatre. Budget-friendly historic theatre.
Jagadamba,Anjali Theatre,Jagadamba Junction,"Anjali Theatre, Jagadamba Junction",0.3,4,Start at Jagadamba Junction. Walk along the road past the Jagadamba Complex area. Pass the town hall and the local shops. Anjali Theatre is on the right side of the road near Jagadamba Junction.,Jagadamba Junction,Anjali Theatre Jagadamba,Jagadamba Junction Road,Junction walk,Yes,Good,8 AM to 10 PM,Moderate,"Jagadamba Complex Stalls, Town Hall Area Cafes, Local Snacks",https://www.google.com/maps/dir/Jagadamba+Junction+Visakhapatnam/Anjali+Theatre+Jagadamba+Visakhapatnam/,Walk from Jagadamba Junction to Anjali Theatre near Jagadamba Complex. Short and convenient.
Jagadamba,Triveni Theatre Visakhapatnam,Jagadamba Junction,"Triveni Theatre, Jagadamba Junction Road",0.4,6,Start at Jagadamba Junction. Walk along Jagadamba Junction Road toward the RTC Complex direction. Pass local medical shops and tiffin centres. Triveni Theatre is on the right side of Jagadamba Junction Road.,Jagadamba Junction,Triveni Theatre Jagadamba Junction Road,Jagadamba Junction Road,City centre walk,Yes,Good,8 AM to 9 PM,Moderate,"Jagadamba Street Food, Hotel Annapoorna, RTC Complex Stalls",https://www.google.com/maps/dir/Jagadamba+Junction+Visakhapatnam/Triveni+Theatre+Visakhapatnam/,Walk from Jagadamba Junction to Triveni Theatre. Easy city-centre walk near the busy junction area.
Jagadamba,New Roopa Theatre,Jagadamba Junction,"New Roopa Theatre, near Jagadamba Junction",0.3,4,Start at Jagadamba Junction. Walk a short distance along the road near the junction. Pass local grocery stores and the roadside vendors. New Roopa Theatre is on the left side very close to the junction.,Jagadamba Junction,New Roopa Theatre near Jagadamba Junction,Jagadamba Junction Road,Short junction walk,Yes,Good,8 AM to 9 PM,Moderate,"Jagadamba Chat Stalls, Hotel Sri Kanya, Local Tiffin",https://www.google.com/maps/dir/Jagadamba+Junction+Visakhapatnam/New+Roopa+Theatre+Visakhapatnam/,Short walk near Jagadamba Junction to New Roopa Theatre. Budget cinema just steps from the junction.
Jagadamba,Poorna Theatre,Visakhapatnam City,"Poorna Theatre, Main Road Visakhapatnam",0.5,7,Start at Jagadamba Junction. Walk along the main road toward the city centre area. Pass the Poorna Market and the commercial area. Poorna Theatre is on the main road in the city centre area.,Jagadamba Junction,Poorna Theatre Main Road,Jagadamba-City Main Road,City centre walk,Yes,Well lit,8 AM to 9 PM,Moderate,"Poorna Market Stalls, Jagadamba Juice Shop, Hotel Annapoorna",https://www.google.com/maps/dir/Jagadamba+Junction+Visakhapatnam/Poorna+Theatre+Visakhapatnam/,Walk from Jagadamba Junction to Poorna Theatre along the busy city main road.
Jagadamba,Durga Theatre,Visakhapatnam City,"Durga Theatre, Main Road Visakhapatnam",0.5,7,"Start at Jagadamba Junction. Walk along the city main road. Pass the local shops and eateries. Durga Theatre is on the main road in the city centre, clearly visible.",Jagadamba Junction,Durga Theatre Main Road,City Main Road,City centre walk,Yes,Well lit,8 AM to 9 PM,Moderate,"City Centre Tiffin, Local Chai Stalls, Hotel Sri Kanya",https://www.google.com/maps/dir/Jagadamba+Junction+Visakhapatnam/Durga+Theatre+Visakhapatnam/,Walk from Jagadamba Junction to Durga Theatre along the city main road. Central Vizag walk.
Jagadamba,INOX Chitralayaa Mall,Asilmetta,"INOX Chitralayaa Mall, Asilmetta Junction",0.7,10,Start at Jagadamba Junction. Walk along the road toward Asilmetta. Pass the local commercial shops and the Suryabagh area. Continue to Asilmetta Junction. Chitralayaa Mall entrance is on the right. INOX is inside on upper floor.,Jagadamba Junction,INOX Chitralayaa Mall Asilmetta,Jagadamba to Asilmetta Main Road,City to multiplex walk,Yes,Excellent,9 AM to 11 PM,High on weekends,"Chitralayaa Mall Food Court, Asilmetta Dosa Stalls, Café Coffee Day",https://www.google.com/maps/dir/Jagadamba+Junction+Visakhapatnam/INOX+Chitralayaa+Mall+Visakhapatnam/,Walk from Jagadamba Junction to INOX Chitralayaa Mall at Asilmetta. Easy urban walk through commercial stretch.
Maddilapalem,INOX CMR Central Maddilapalem,Maddilapalem,"INOX CMR Central Mall, Maddilapalem",0.4,6,Start at Maddilapalem Main Road near the junction. Walk along Maddilapalem Road toward CMR Central Mall. Pass local market and pharmacy shops. CMR Central Mall is on the main road and INOX is inside on upper floors.,Maddilapalem Main Junction,"INOX inside CMR Central Mall, Maddilapalem",Maddilapalem Main Road,Residential to mall walk,Yes,Good,9 AM to 10 PM,High on weekends,"CMR Mall Food Court, Biryani Places near Market, Cake House Bakery",https://www.google.com/maps/dir/Maddilapalem+Junction+Visakhapatnam/INOX+CMR+Central+Maddilapalem+Visakhapatnam/,Walk from Maddilapalem Main Junction to INOX CMR Central Mall. Quick comfortable walk in residential colony area.
Maddilapalem,PVR Cinemas CMR Central,Maddilapalem,"PVR Cinemas CMR Central, 4th Floor NH-16 Maddilapalem",0.5,7,Start at Maddilapalem Market Road. Walk along the market road toward CMR Central Mall. Pass fresh produce vendors and local stores. CMR Central Mall is directly ahead. PVR Cinemas is inside the mall on the 4th floor.,Maddilapalem Market Road,PVR Cinemas CMR Central Maddilapalem,Maddilapalem Market Road,Market area to mall walk,Yes,Good,9 AM to 10 PM,Moderate to high on weekends,"CMR Mall Restaurants, Local Tiffin Shops, Sri Kanya Hotel nearby",https://www.google.com/maps/dir/Maddilapalem+Market+Visakhapatnam/PVR+Cinemas+CMR+Central+Maddilapalem+Visakhapatnam/,Walk from Maddilapalem Market to PVR Cinemas in CMR Central Mall. Easy walk through residential and commercial mix.
Maddilapalem,Raja Theatre,Maddilapalem,"Raja Theatre, Maddilapalem",0.5,8,Start at Maddilapalem Bus Stop. Walk along main Maddilapalem road. Pass local grocery stores and post office junction. Continue straight. Raja Theatre is on the right side of the road visible from the road itself.,Maddilapalem Bus Stop,Raja Theatre Maddilapalem,Maddilapalem Main Road,Residential area walk,Yes,Good,8 AM to 9 PM,Low to moderate,"Local Eateries, Sai Bakery, Idly Shops Near Bus Stop",https://www.google.com/maps/dir/Maddilapalem+Bus+Stop+Visakhapatnam/Raja+Theatre+Maddilapalem+Visakhapatnam/,Pleasant residential walk from Maddilapalem Bus Stop to Raja Theatre through quiet colony roads.
Maddilapalem,Maddilapalem Cinemas,Maddilapalem,"Maddilapalem Cinemas, Maddilapalem",0.4,6,Start at Maddilapalem Park near the water tank area. Walk along inner colony road. Pass primary school and colony bank branch. Maddilapalem Cinemas is on the left near the colony commercial area.,Maddilapalem Park Water Tank Area,Maddilapalem Cinemas,Maddilapalem Colony Inner Road,Colony walk,Yes,Moderate,9 AM to 9 PM,Moderate,"Colony Tiffin Centres, Maddilapalem Juice Corner, Sweets Shop",https://www.google.com/maps/dir/Maddilapalem+Park+Visakhapatnam/Maddilapalem+Cinemas+Visakhapatnam/,Quiet colony walk from Maddilapalem Park to Maddilapalem Cinemas through inner lanes.
Maddilapalem,Ganga Theatre Maddilapalem,Maddilapalem,"Ganga Theatre, Maddilapalem Main Road",0.4,6,Start at Maddilapalem main junction near the market. Walk along Maddilapalem Main Road. Pass the local commercial shops. Ganga Theatre is on the right side of Maddilapalem Main Road clearly visible.,Maddilapalem Main Junction,Ganga Theatre Maddilapalem,Maddilapalem Main Road,Main road walk,Yes,Good,8 AM to 9 PM,Low to moderate,"Maddilapalem Market Stalls, Local Tiffin Shops, Colony Bakery",https://www.google.com/maps/dir/Maddilapalem+Junction+Visakhapatnam/Ganga+Theatre+Maddilapalem+Visakhapatnam/,Walk from Maddilapalem Junction to Ganga Theatre along the main road. Short and comfortable colony walk.
Maddilapalem,Balaji Theatre Maddilapalem,Maddilapalem,"Balaji Theatre, Maddilapalem Main Road",0.5,7,Start at Maddilapalem Bus Stop. Walk along Maddilapalem Main Road. Continue past the grocery stores. Balaji Theatre is on the left side of Maddilapalem Main Road.,Maddilapalem Bus Stop,Balaji Theatre Maddilapalem,Maddilapalem Main Road,Colony road walk,Yes,Good,8 AM to 9 PM,Moderate,"Maddilapalem Tiffin, Juice Corner, Local Sweets",https://www.google.com/maps/dir/Maddilapalem+Bus+Stop+Visakhapatnam/Balaji+Theatre+Maddilapalem+Visakhapatnam/,Walk from Maddilapalem Bus Stop to Balaji Theatre along the main colony road.
Maddilapalem,Sri Venkateswara Theatre Maddilapalem,Maddilapalem,"Sri Venkateswara Theatre, near Maddilapalem Bus Stand",0.5,7,Start at Maddilapalem Main Road near the bus stand. Walk along the main road past the market stalls. Continue for 400 metres. Sri Venkateswara Theatre is on the right side near the bus stand area.,Maddilapalem Bus Stand,Sri Venkateswara Theatre Maddilapalem,Maddilapalem Main Road,Bus stand to theatre walk,Yes,Good,8 AM to 9 PM,Moderate to high on weekends,"Local Tiffin Centres, Maddilapalem Market Stalls, Snack Shops",https://www.google.com/maps/dir/Maddilapalem+Bus+Stand+Visakhapatnam/Sri+Venkateswara+Theatre+Maddilapalem+Visakhapatnam/,Walk from Maddilapalem Bus Stand to Sri Venkateswara Theatre. Popular local theatre on the main road.
Maddilapalem,Sarada Theatre Maddilapalem,Maddilapalem,"Sarada Theatre, Maddilapalem",0.5,7,Start at Maddilapalem main junction. Walk along the inner colony road. Pass the Maddilapalem market stalls. Continue ahead. Sarada Theatre is on the right side in the Maddilapalem residential zone.,Maddilapalem Main Junction,Sarada Theatre Maddilapalem,Maddilapalem Colony Road,Colony inner road walk,Yes,Moderate,8 AM to 9 PM,Low,"Colony Tiffin, Local Bakery, Juice Stalls",https://www.google.com/maps/dir/Maddilapalem+Junction+Visakhapatnam/Sarada+Theatre+Maddilapalem+Visakhapatnam/,Walk from Maddilapalem Junction to Sarada Theatre through the colony roads.
Kailasagiri,INOX Varun Beach,Varun Beach,"INOX Varun Beach, Varun Beach Road",2.8,36,Start at Kailasagiri Hill Top near the ropeway station. Walk down the Kailasagiri Hill Road toward Beach Road. Join Beach Road at the Kailasagiri junction. Walk south along Beach Road. Cross Varun Beach Road signal. INOX Varun Beach is on the right.,Kailasagiri Ropeway Station,INOX Varun Beach Multiplex,Kailasagiri Hill Road to Beach Road,Hill descent and coastal road walk,Yes,"Good on Beach Road, moderate on hill road",7 AM to 7 PM (avoid late evenings on hill road),Moderate,"Kailasagiri APTDC Restaurant, Beach Road Stalls, Varun Beach Food Area",https://www.google.com/maps/dir/Kailasagiri+Visakhapatnam/INOX+Varun+Beach+Visakhapatnam/,Scenic walk from Kailasagiri Hill down to INOX Varun Beach. Panoramic bay views on the descent.
Kailasagiri,Rushikonda Cinemax,Rushikonda,"Rushikonda Cinemax, Rushikonda Hill Road",1.8,24,Start at Kailasagiri Park entry gate. Walk along Kailasagiri Road toward Rushikonda. Pass hilltop viewpoint and take the downhill road. At Rushikonda main road junction turn right. Walk along Rushikonda main road. Rushikonda Cinemax is on the right.,Kailasagiri Park Entry Gate,Rushikonda Cinemax,Kailasagiri Road to Rushikonda Main Road,Hill to beach town walk,Yes,"Moderate on hill road, good in Rushikonda",7 AM to 7 PM,Low to moderate,"Kailasagiri APTDC Canteen, Rushikonda Beach Shacks, Hotel Sea View",https://www.google.com/maps/dir/Kailasagiri+Park+Visakhapatnam/Rushikonda+Cinemax+Visakhapatnam/,Walk from Kailasagiri Park through the hill road down to Rushikonda Cinemax. Scenic tourist walk with hill and sea views.
Kailasagiri,Beach Road Cinemas,Beach Road,"Beach Road Cinemas, Beach Road",1.5,20,Start at Kailasagiri Hill bottom near the Beach Road junction. Walk along Beach Road heading north. Pass the VUDA Park and beachside stalls. Beach Road Cinemas is on the right side of Beach Road.,Kailasagiri Hill Bottom Beach Road Junction,Beach Road Cinemas,Beach Road,Beachside road walk from hilltop,Yes,Well lit on Beach Road,7 AM to 9 PM,Moderate,"Beach Road Stalls, VUDA Park Canteen, Juice Centres",https://www.google.com/maps/dir/Kailasagiri+Visakhapatnam/Beach+Road+Cinemas+Visakhapatnam/,Walk down from Kailasagiri and along Beach Road to Beach Road Cinemas. Beautiful coastal walk.
Kailasagiri,Roshan Theatre Beach Road,Beach Road,"Roshan Theatre Beach Road, near Kailasagiri Road",0.6,8,Start at the bottom of Kailasagiri near the Beach Road junction. Walk along Beach Road. The Roshan Theatre is very close to the Kailasagiri junction on Beach Road on the right side.,Kailasagiri Hill Base,Roshan Theatre Beach Road,Kailasagiri Road to Beach Road,Hill base to cinema walk,Yes,Good,7 AM to 9 PM,Low,"Beach Road Stalls, VUDA Park Snacks, Local Tea Shops",https://www.google.com/maps/dir/Kailasagiri+Visakhapatnam/Roshan+Theatre+Beach+Road+Visakhapatnam/,Very short walk from the base of Kailasagiri Hill to Roshan Theatre on Beach Road.
Kailasagiri,Sri Sarada Theatre Seethammadhara,Seethammadhara,"Sri Sarada Theatre, Seethammadhara",2.0,26,Start at Kailasagiri main entry road. Walk along the Kailasagiri-Seethammadhara road. Pass the colony residential stretch and the market area. Continue to Seethammadhara Main Road. Sri Sarada Theatre is on the left.,Kailasagiri Main Entry Road,Sri Sarada Theatre Seethammadhara,Kailasagiri to Seethammadhara Road,Hill area to colony walk,Yes,Moderate to good,7 AM to 8 PM,Low,"Seethammadhara Market Stalls, Kailasagiri APTDC Canteen, Local Tiffin",https://www.google.com/maps/dir/Kailasagiri+Visakhapatnam/Sri+Sarada+Theatre+Seethammadhara+Visakhapatnam/,Walk from Kailasagiri toward Seethammadhara and Sri Sarada Theatre. Connects the tourist hill area to the residential zone.
Hanumanthuwaka,Miraj Cinemas Vizag,Hanumanthawaka,"Miraj Cinemas, Hanumanthawaka Junction",0.4,6,Start at Hanumanthuwaka Junction signal near the main road. Walk along the Hanumanthuwaka main road. Pass local temple and medical shops. Take road branching right after the temple. Miraj Cinemas is on the right.,Hanumanthuwaka Junction Signal,Miraj Cinemas Hanumanthuwaka,Hanumanthuwaka Main Road,Local junction to multiplex walk,Yes,Good,9 AM to 10 PM,"Moderate on weekdays, high on weekends","Hanumanthuwaka Local Tiffin Centres, Biryani Shops, Bakery Near Signal",https://www.google.com/maps/dir/Hanumanthuwaka+Junction+Visakhapatnam/Miraj+Cinemas+Vizag+Visakhapatnam/,Walk from Hanumanthuwaka Junction to Miraj Cinemas. Short and straightforward walk.
Hanumanthuwaka,Mirage Cinemas,MVP Colony,"Mirage Cinemas, MVP Colony",1.5,20,Start at Hanumanthuwaka Junction. Walk along the Hanumanthuwaka-MVP Colony connecting road. Pass the residential colony area and the road junction. Enter MVP Colony area. Mirage Cinemas is visible near VMRDA Park.,Hanumanthuwaka Junction,Mirage Cinemas MVP Colony,Hanumanthuwaka to MVP Colony Road,Junction to colony multiplex walk,Yes,Good on main road,9 AM to 9 PM,Moderate,"MVP Colony Tiffin Centres, Hanumanthuwaka Biryani, Bawarchi Restaurant",https://www.google.com/maps/dir/Hanumanthuwaka+Junction+Visakhapatnam/Mirage+Cinemas+MVP+Colony+Visakhapatnam/,Walk from Hanumanthuwaka to Mirage Cinemas in MVP Colony. Comfortable road connecting two residential areas.
Hanumanthuwaka,MVP Talkies,MVP Colony,"MVP Talkies, MVP Colony",1.6,21,Start at Hanumanthuwaka Junction. Walk along the main connecting road toward MVP Colony. Pass the colony boundary and enter MVP Colony Sector 6. MVP Talkies is on the colony road near the local market area.,Hanumanthuwaka Junction,MVP Talkies MVP Colony,Hanumanthuwaka to MVP Colony Road,Residential area to cinema walk,Yes,Good main road,9 AM to 9 PM,Low to moderate,"Hanumanthuwaka Market, MVP Tiffin Centres, Local Bakeries",https://www.google.com/maps/dir/Hanumanthuwaka+Junction+Visakhapatnam/MVP+Talkies+Visakhapatnam/,Walk from Hanumanthuwaka to MVP Talkies in MVP Colony through the connecting residential road.
Hanumanthuwaka,Kinnera Theatre,Seethammadhara,"Kinnera Theatre, Seethammadhara",1.8,24,Start at Hanumanthuwaka Junction. Walk along Hanumanthuwaka Road toward Seethammadhara direction. Pass the connecting residential roads and colony areas. Reach Seethammadhara Main Road. Kinnera Theatre is on the right side.,Hanumanthuwaka Junction,Kinnera Theatre Seethammadhara,Hanumanthuwaka to Seethammadhara Road,Residential to residential walk,Yes,Good on main road,8 AM to 9 PM,Low,"Seethammadhara Tiffin, Hanumanthuwaka Shops, Local Juice Stalls",https://www.google.com/maps/dir/Hanumanthuwaka+Junction+Visakhapatnam/Kinnera+Theatre+Seethammadhara+Visakhapatnam/,Walk from Hanumanthuwaka to Kinnera Theatre in Seethammadhara. Connects two residential colonies.
Seethammadhara,Kinnera Theatre,Seethammadhara,"Kinnera Theatre, Seethammadhara",0.4,6,Start at Seethammadhara Main Junction near the bus stop. Walk along Seethammadhara main road. Pass the Seethammadhara market and local medical shops. Kinnera Theatre is on the right side of the main road near the residential zone.,Seethammadhara Junction Bus Stop,Kinnera Theatre Seethammadhara,Seethammadhara Main Road,Residential junction walk,Yes,Good,8 AM to 9 PM,Low to moderate,"Hotel Seethammadhara, Local Tiffin Centres, Seethammadhara Bakery",https://www.google.com/maps/dir/Seethammadhara+Junction+Visakhapatnam/Kinnera+Theatre+Seethammadhara+Visakhapatnam/,Walk from Seethammadhara Bus Stop to Kinnera Theatre along the main road. Simple and safe neighborhood walk.
Seethammadhara,Sri Sarada Theatre Seethammadhara,Seethammadhara,"Sri Sarada Theatre, Seethammadhara",0.5,8,Start at Seethammadhara Junction. Walk along the inner road of Seethammadhara colony. Pass the colony park and local pharmacy. Continue 300 metres. Sri Sarada Theatre is on the left near the quiet colony section.,Seethammadhara Junction,Sri Sarada Theatre Seethammadhara,Seethammadhara Inner Colony Road,Colony inner road walk,Yes,Moderate,8 AM to 9 PM,Low,"Colony Tiffin Shops, Bakeries Near Park, Local Tea Stalls",https://www.google.com/maps/dir/Seethammadhara+Junction+Visakhapatnam/Sri+Sarada+Theatre+Seethammadhara+Visakhapatnam/,"Quiet colony walk from Seethammadhara Junction to Sri Sarada Theatre. Peaceful, residential, family-friendly route."
Seethammadhara,Nataraj Theatre Seethammadhara,Seethammadhara,"Nataraj Theatre, Seethammadhara Main Road",0.5,7,Start at Seethammadhara Main Road near the auto stand. Walk along main road toward market. Pass the Seethammadhara temple and market stalls. Nataraj Theatre is clearly visible on the main road on the left.,Seethammadhara Auto Stand,Nataraj Theatre Seethammadhara,Seethammadhara Main Road,Main road walk,Yes,Good,8 AM to 9 PM,Moderate,"Seethammadhara Market Food Stalls, Local Biryani Shop, Tea Stalls",https://www.google.com/maps/dir/Seethammadhara+Auto+Stand+Visakhapatnam/Nataraj+Theatre+Seethammadhara+Visakhapatnam/,Walk from Seethammadhara Auto Stand to Nataraj Theatre along the main colony road. Local market and temple make the walk vibrant.
Seethammadhara,Mohini Theatre,Dondaparthy,"Mohini Theatre, Dondaparthy",1.2,16,Start at Seethammadhara Junction. Walk along Seethammadhara-Dondaparthy main road. Pass the Seethammadhara Government School and Dondaparthy junction area. Continue straight on main road. Mohini Theatre is on the right side in Dondaparthy.,Seethammadhara Junction,Mohini Theatre Dondaparthy,Seethammadhara-Dondaparthy Road,Neighborhood to neighboring area walk,Yes,Good on main road,8 AM to 9 PM,Low to moderate,"Dondaparthy Tiffin Centres, Local Bakeries, Seethammadhara Hotel",https://www.google.com/maps/dir/Seethammadhara+Junction+Visakhapatnam/Mohini+Theatre+Dondaparthy+Visakhapatnam/,Walk from Seethammadhara Junction to Mohini Theatre in Dondaparthy. Connects two neighboring residential localities.
Seethammadhara,Sri Krishna Theatre Seethammadhara,Seethammadhara,"Sri Krishna Theatre, Seethammadhara Main Road",0.5,7,Start at Seethammadhara Junction bus stop. Walk along Seethammadhara Main Road. Pass the colony market and the small shops. Sri Krishna Theatre is on the right side of the main road in the Seethammadhara area.,Seethammadhara Junction Bus Stop,Sri Krishna Theatre Seethammadhara,Seethammadhara Main Road,Colony main road walk,Yes,Good,8 AM to 9 PM,Moderate,"Colony Market Stalls, CMR Central Mall Nearby, Local Tiffin",https://www.google.com/maps/dir/Seethammadhara+Junction+Visakhapatnam/Sri+Krishna+Theatre+Seethammadhara+Visakhapatnam/,Walk from Seethammadhara Junction to Sri Krishna Theatre. Straightforward neighborhood walk.
Seethammadhara,Anand Theatre Seethammadhara,Seethammadhara,"Anand Theatre, Seethammadhara",0.5,7,Start at Seethammadhara Junction. Walk along the Seethammadhara inner road. Pass the local auto stand and small shops. Anand Theatre is on the right side of the road in Seethammadhara.,Seethammadhara Junction,Anand Theatre Seethammadhara,Seethammadhara Road,Residential area walk,Yes,Moderate,8 AM to 9 PM,Low to moderate,"Local Tiffin, Tea Stalls, Colony Bakery",https://www.google.com/maps/dir/Seethammadhara+Junction+Visakhapatnam/Anand+Theatre+Seethammadhara+Visakhapatnam/,Walk from Seethammadhara Junction to Anand Theatre through the colony roads.
Seethammadhara,Mukthi Theatre Seethammadhara,Seethammadhara,"Mukthi Theatre, Seethammadhara Road",0.6,8,Start at Seethammadhara Junction. Walk along Seethammadhara Road toward the residential area. Pass the colony junction and the local school. Mukthi Theatre is on the right side of the road.,Seethammadhara Junction,Mukthi Theatre Seethammadhara,Seethammadhara Road,Colony residential walk,Yes,Moderate,8 AM to 9 PM,Low,"Local Tiffin, Colony Bakeries, CMR Mall Nearby",https://www.google.com/maps/dir/Seethammadhara+Junction+Visakhapatnam/Mukthi+Theatre+Seethammadhara+Visakhapatnam/,Walk from Seethammadhara Junction to Mukthi Theatre through colony roads. Quiet and budget-friendly cinema.
Seethammadhara,INOX CMR Central Maddilapalem,Maddilapalem,"INOX CMR Central Mall, Maddilapalem",1.5,20,Start at Seethammadhara Junction. Walk along Seethammadhara-Maddilapalem Road. Pass the local shops and residential stretch. Continue to Maddilapalem junction. CMR Central Mall is visible ahead. INOX is inside on upper floors.,Seethammadhara Junction,INOX CMR Central Mall Maddilapalem,Seethammadhara to Maddilapalem Road,Residential to mall walk,Yes,Good on main road,9 AM to 10 PM,High on weekends,"CMR Mall Food Court, Seethammadhara Tiffin, Maddilapalem Bakery",https://www.google.com/maps/dir/Seethammadhara+Junction+Visakhapatnam/INOX+CMR+Central+Maddilapalem+Visakhapatnam/,Walk from Seethammadhara to INOX CMR Central Mall in Maddilapalem. Comfortable residential road walk.
PM Palem,VPLEX Multiplex,Kommadi,"VPLEX Multiplex, Kommadi Road near VUDA Layout",2.0,26,Start at PM Palem Bus Stop on main road. Walk along PM Palem-Kommadi Road heading toward Kommadi. Pass PM Palem colony market and junction. Continue along main road through IT corridor area. Cross Kommadi junction. VPLEX Multiplex is on the right.,PM Palem Bus Stop,VPLEX Multiplex Kommadi,PM Palem-Kommadi Road,Colony to commercial area walk,Yes,Good on main road,7 AM to 8 PM,Low to moderate,"PM Palem Local Eateries, Kommadi Road Dhabas, KFC Kommadi",https://www.google.com/maps/dir/PM+Palem+Visakhapatnam/VPLEX+Multiplex+Kommadi+Visakhapatnam/,Walk from PM Palem through the connecting road to VPLEX Multiplex in Kommadi. Comfortable road walk with IT Park views.
PM Palem,Mukta A2 Cinemas,Kommadi,"Mukta A2 Cinemas, Kommadi Main Road near Rushikonda",2.2,28,Start at PM Palem Main Road junction. Walk along PM Palem road heading toward Kommadi. Pass PM Palem School and housing colony gates. Continue on main road. After Kommadi junction turn right. Mukta A2 Cinemas is in the Kommadi commercial stretch on the left.,PM Palem Main Road Junction,Mukta A2 Cinemas Kommadi,PM Palem to Kommadi Road,Suburban colony road walk,Yes,Good on highway stretch,8 AM to 8 PM,Low,"Kommadi Biryani Places, PM Palem Juice Shops, Local Tiffin Centres",https://www.google.com/maps/dir/PM+Palem+Visakhapatnam/Mukta+A2+Cinemas+Visakhapatnam/,Walk from PM Palem to Mukta A2 Cinemas in Kommadi. Wide roads and suburban atmosphere make it pleasant.
PM Palem,STBL Cine World,NH16,"STBL Cine World, NH16",1.5,20,Start at PM Palem Bus Stop. Walk along the main road toward NH16. Continue on the PM Palem-NH16 connecting road. Pass the colony boundary and the highway junction. STBL Cine World is located on NH16 road.,PM Palem Bus Stop,STBL Cine World NH16,PM Palem to NH16 Road,Suburban to highway walk,Yes,Good on main road,8 AM to 8 PM,Moderate,"PM Palem Tiffin Centres, Highway Stalls, Local Juice Shops",https://www.google.com/maps/dir/PM+Palem+Visakhapatnam/STBL+Cine+World+Visakhapatnam/,Walk from PM Palem to STBL Cine World on NH16. Suburban road walk through the IT corridor zone.
Madhurawada,VPLEX Multiplex,Kommadi,"VPLEX Multiplex, Kommadi Road near VUDA Layout",1.5,20,Start at Madhurawada Junction near NH16 junction. Walk along Madhurawada-Kommadi Road toward Kommadi area. Pass Madhurawada Market and fuel station. Continue along main road 1.2 km. Kommadi Junction appears. VPLEX Multiplex is right at Kommadi commercial zone on right.,Madhurawada Junction NH16,VPLEX Multiplex Kommadi,Madhurawada-Kommadi Main Road,Suburban highway side road walk,Yes,Good,7 AM to 8 PM,Low to moderate,"Madhurawada Tiffin Centres, Highway Dhabas, KFC Kommadi",https://www.google.com/maps/dir/Madhurawada+Junction+Visakhapatnam/VPLEX+Multiplex+Kommadi+Visakhapatnam/,Walk from Madhurawada Junction to VPLEX Multiplex in Kommadi. Comfortable suburban road walk past local markets and IT corridor.
Madhurawada,Mukta A2 Cinemas,Kommadi,"Mukta A2 Cinemas, Kommadi Main Road near Rushikonda",1.8,23,"Start at Madhurawada main colony near school junction. Walk along Madhurawada Road toward Kommadi. Pass housing societies and petrol pump junction. Continue straight. At Kommadi, Mukta A2 Cinemas is on the left near the commercial hub.",Madhurawada School Junction,Mukta A2 Cinemas Kommadi,Madhurawada to Kommadi Road,Suburban residential to commercial walk,Yes,Good on main road,7 AM to 8 PM,Low,"Madhurawada Bakeries, Juice Stalls at Market, Kommadi Restaurant Row",https://www.google.com/maps/dir/Madhurawada+Visakhapatnam/Mukta+A2+Cinemas+Visakhapatnam/,Walk from Madhurawada to Mukta A2 Cinemas in Kommadi. Wide roads and green suburban stretches make it pleasant.
Madhurawada,STBL Cine World,NH16,"STBL Cine World, NH16",1.0,13,Start at Madhurawada Junction on NH16. Walk along NH16 toward Kommadi direction. Pass the Madhurawada market and residential colony boundary. STBL Cine World is on NH16 road clearly visible with its signboard.,Madhurawada Junction NH16,STBL Cine World NH16,NH16,Highway side walk,Yes,Well lit on highway,8 AM to 9 PM,Moderate,"Madhurawada Tiffin Stalls, NH16 Food Court, Local Juice Shops",https://www.google.com/maps/dir/Madhurawada+Junction+Visakhapatnam/STBL+Cine+World+Visakhapatnam/,Walk from Madhurawada Junction along NH16 to STBL Cine World. Short comfortable highway-side walk.
Madhurawada,Asian Mukta Cinemas VMR Mall,VMR Central Mall,"Asian Mukta Cinemas VMR Mall, 3rd Floor VMR Central Mall",2.0,26,Start at Madhurawada Junction. Walk along the main road connecting Madhurawada to the VMR Central Mall area. Continue past the residential stretch toward the mall. VMR Central Mall is a large visible landmark. Asian Mukta Cinemas is on the 3rd floor inside the mall.,Madhurawada Junction,Asian Mukta Cinemas VMR Central Mall,Madhurawada to VMR Mall Road,Suburban to mall walk,Yes,Good on main road,9 AM to 10 PM,Moderate on weekends,"VMR Mall Food Court, Madhurawada Tiffin, Local Bakeries",https://www.google.com/maps/dir/Madhurawada+Visakhapatnam/Asian+Mukta+Cinemas+VMR+Mall+Visakhapatnam/,Walk from Madhurawada toward VMR Central Mall to Asian Mukta Cinemas. A longer suburban walk worth it for the mall experience.
Madhurawada,STBL Drive-in Theatre,Srikakulam Highway,"STBL Drive-in Theatre, Vizag-Srikakulam Hwy",2.5,32,Start at Madhurawada Junction on NH16. Walk north along the Srikakulam Highway direction. Pass the Madhurawada residential stretch and the highway fuel stations. Continue along the highway footpath. STBL Drive-in Theatre is on the Vizag-Srikakulam Highway visible from the road.,Madhurawada Junction NH16,STBL Drive-in Theatre Srikakulam Highway,Vizag-Srikakulam Highway NH16,Highway stretch walk,Yes,Well lit on highway,7 AM to 7 PM,Low on weekdays,"Highway Dhabas, Madhurawada Juice Stalls, Local Tea Shops",https://www.google.com/maps/dir/Madhurawada+Visakhapatnam/STBL+Drive-in+Theatre+Visakhapatnam/,Walk from Madhurawada along Srikakulam Highway to STBL Drive-in Theatre. Unique destination for a scenic highway walk.
