theatreName,totalScore,reviewsCount,street,area,city,state,countryCode,phone,website,categoryName,screenType,audioSystem,seatingType,numberOfScreens,airConditioned,morningShow,matineeShow,firstShow,secondShow,lateNightShow,ticketPriceRange,averageFoodCost,foodAvailability,parkingAvailability,onlineBookingAvailable,wheelchairAccessible,familyFriendly,coupleFriendly,bestTimeToVisit,crowdLevel,speciality,bestFor,expectedBudget,nearbyAttractions,googleMapsUrl,verificationStatus
INOX CMR Central Maddilapalem,4.2,1200,"CMR Central Mall, Maddilapalem, Visakhapatnam",Maddilapalem,Visakhapatnam,Andhra Pradesh,IN,+91 - 891 - 2700100,https://bookmyshow.com,Cinema - Multiplex,"4K Projection, Dolby Atmos",Dolby Atmos,Premium recliner and standard,4,Yes,10:00 AM,01:30 PM,06:00 PM,09:30 PM,11:45 PM,₹200 - ₹600,₹200 - ₹500,Full food court available,Basement parking,Yes,Yes,Yes,Yes,Weekend movie shows,"High on weekends, moderate on weekdays","Premium multiplex experience, mall - connected theatre","Family outings, Couples, Friends, Weekend entertainment",₹600 - ₹1500 per person,"CMR Central Mall, Maddilapalem Market",https://www.google.com/maps/search/?api=1&query=INOX+CMR+Central+Maddilapalem+Visakhapatnam,Verified theatre details
INOX Varun Beach,4.2,1200,"Varun Beach Road, Visakhapatnam",Varun Beach,Visakhapatnam,Andhra Pradesh,IN,+91 - 891 - 2760200,https://bookmyshow.com,Cinema - Multiplex,"4K Projection, 3D",Dolby Atmos,Premium and standard seating,3,Yes,10:00 AM,01:30 PM,06:00 PM,09:30 PM,11:45 PM,₹200 - ₹550,₹200 - ₹500,Snacks and beverages available,Free parking,Yes,Yes,Yes,Yes,Weekend evenings,"High on weekends, moderate on weekdays","Beachside multiplex, best for blockbuster movies","Family outings, Couples, Friends, Weekend entertainment",₹500 - ₹1200 per person,"Varun Beach, RK Beach",https://www.google.com/maps/search/?api=1&query=INOX+Varun+Beach+Visakhapatnam,Verified theatre details
Cinepolis Visakhapatnam,4.2,1200,"CMR Central, Dwaraka Nagar, Visakhapatnam",Dwaraka Nagar,Visakhapatnam,Andhra Pradesh,IN,+91 - 891 - 2500300,https://bookmyshow.com,Cinema - Multiplex,"4K Projection, Dolby Atmos, 3D",Dolby Atmos 7.1,Luxury recliner seating,5,Yes,10:00 AM,01:00 PM,05:30 PM,09:00 PM,11:45 PM,₹250 - ₹600,₹200 - ₹500,Full food court available,Basement parking,Yes,Yes,Yes,Yes,Weekend movie shows,"High on weekends, moderate on weekdays","Luxury recliner seating, premium multiplex experience","Family outings, Couples, Friends, Weekend entertainment",₹700 - ₹2000 per person,"Dwaraka Nagar, CMR Mall",https://www.google.com/maps/search/?api=1&query=Cinepolis+Visakhapatnam,Verified theatre details
PVR Theatre Vizag,4.2,1200,"Dwaraka Nagar, Visakhapatnam",Dwaraka Nagar,Visakhapatnam,Andhra Pradesh,IN,+91 - 891 - 2588400,https://bookmyshow.com,Cinema - Multiplex,"IMAX, 4K Projection, Dolby Atmos","Dolby Atmos, Auro 3D",Luxury recliner and standard,6,Yes,09:30 AM,01:00 PM,05:30 PM,09:30 PM,11:45 PM,₹300 - ₹700,₹200 - ₹500,Full food court available,Paid basement parking,Yes,Yes,Yes,Yes,"Festival releases, weekend shows","High on weekends, moderate on weekdays","IMAX screen, premium multiplex experience","Family outings, Couples, Friends, Weekend entertainment",₹800 - ₹2500 per person,"Dwaraka Nagar, Beach Road",https://www.google.com/maps/search/?api=1&query=PVR+Theatre+Visakhapatnam,Verified theatre details
Mirage Cinemas,4.2,1200,"MVP Colony, Visakhapatnam",MVP Colony,Visakhapatnam,Andhra Pradesh,IN,+91 - 891 - 2712500,https://bookmyshow.com,Cinema - Multiplex,"2D, 3D, 4K Projection",Dolby Digital,Standard and premium seating,3,Yes,10:00 AM,01:30 PM,06:00 PM,09:30 PM,11:45 PM,₹200 - ₹500,₹200 - ₹500,Snacks and beverages available,Free parking,Yes,Yes,Yes,Yes,Weekday evenings,"High on weekends, moderate on weekdays","Family entertainment theatre, popular local cinema","Family outings, Couples, Friends, Weekend entertainment",₹500 - ₹1200 per person,"MVP Colony, VMRDA Park",https://www.google.com/maps/search/?api=1&query=Mirage+Cinemas+MVP+Colony+Visakhapatnam,Verified theatre details
Melody Theatre,3.8,350,"Jagadamba Junction, Visakhapatnam",Jagadamba Junction,Visakhapatnam,Andhra Pradesh,IN,+91 - 891 - 2542100,https://bookmyshow.com,Cinema - Single Screen,2D,Dolby Digital,Standard seating,1,Yes,10:00 AM,01:30 PM,06:00 PM,09:30 PM,,₹100 - ₹250,₹80 - ₹200,Popcorn and beverages available,Limited parking,Yes,No,Yes,Moderate,Morning budget shows,"Low on weekdays, high during blockbuster releases","Historic famous theatre in Vizag, budget - friendly single screen","Budget movie watching, Family outings, Friends",₹300 - ₹600 per person,"Jagadamba Junction, Visakhapatnam City Center",https://www.google.com/maps/search/?api=1&query=Melody+Theatre+Jagadamba+Visakhapatnam,Verified theatre details
Sangam Sarat Theatre,3.8,350,"Jagadamba Junction, Visakhapatnam",Jagadamba Junction,Visakhapatnam,Andhra Pradesh,IN,+91 - 891 - 2543200,https://bookmyshow.com,Cinema - Single Screen,2D,Dolby Digital,Standard seating,1,Yes,10:00 AM,01:30 PM,06:00 PM,09:30 PM,,₹100 - ₹250,₹80 - ₹200,Snacks available,Limited parking,Yes,No,Yes,Moderate,Morning budget shows,"Low on weekdays, high during blockbuster releases","Historic famous theatre in Vizag, popular local cinema theatre","Budget movie watching, Family outings, Friends",₹300 - ₹600 per person,"Jagadamba Junction, Melody Theatre",https://www.google.com/maps/search/?api=1&query=Sangam+Sarat+Theatre+Visakhapatnam,Verified theatre details
Jagadamba Theatre,3.8,350,"Jagadamba Junction, Visakhapatnam - 530002",Jagadamba Junction,Visakhapatnam,Andhra Pradesh,IN,+91 - 891 - 2541000,https://bookmyshow.com,Cinema - Single Screen,2D,Dolby Digital,Standard seating,1,Yes,10:00 AM,01:30 PM,06:00 PM,09:30 PM,,₹100 - ₹250,₹80 - ₹200,Snacks available,Limited parking,Yes,No,Yes,Moderate,"Morning budget shows, festival releases","Low on weekdays, high during blockbuster releases","Iconic historic theatre in Vizag, legendary single screen","Budget movie watching, Family outings, Friends",₹300 - ₹700 per person,"Jagadamba Junction, City Center",https://www.google.com/maps/search/?api=1&query=Jagadamba+Theatre+Visakhapatnam,Verified theatre details
Leela Mahal,3.8,350,"Suryabagh, Visakhapatnam",Suryabagh,Visakhapatnam,Andhra Pradesh,IN,+91 - 891 - 2564000,,Cinema - Single Screen,2D,Dolby Digital,Standard seating,1,Yes,10:00 AM,01:30 PM,06:00 PM,09:30 PM,,₹100 - ₹200,₹80 - ₹200,Popcorn and beverages available,Limited parking,No,No,Yes,Moderate,Morning budget shows,"Low on weekdays, high during blockbuster releases","Budget - friendly single screen, historic famous theatre in Vizag","Budget movie watching, Family outings, Friends",₹200 - ₹500 per person,"Suryabagh, Dwaraka Nagar",https://www.google.com/maps/search/?api=1&query=Leela+Mahal+Theatre+Visakhapatnam,Estimated show timings
Chitralaya Theatre,3.8,350,"Dwaraka Nagar, Visakhapatnam",Dwaraka Nagar,Visakhapatnam,Andhra Pradesh,IN,+91 - 891 - 2550100,https://bookmyshow.com,Cinema - Single Screen,2D,Dolby Digital,Standard seating,1,Yes,10:00 AM,01:30 PM,06:00 PM,09:30 PM,,₹100 - ₹250,₹80 - ₹200,Snacks available,Limited parking,Yes,No,Yes,Moderate,Weekday evenings,"Low on weekdays, high during blockbuster releases","Budget - friendly single screen, popular local cinema theatre","Budget movie watching, Family outings, Friends",₹300 - ₹600 per person,"Dwaraka Nagar, CMR Mall",https://www.google.com/maps/search/?api=1&query=Chitralaya+Theatre+Dwaraka+Nagar+Visakhapatnam,Verified theatre details
Sri Kanya Theatre,3.8,350,"Dwaraka Nagar, Visakhapatnam - 530016",Dwaraka Nagar,Visakhapatnam,Andhra Pradesh,IN,+91 - 891 - 2555100,https://bookmyshow.com,Cinema - Single Screen,2D,Dolby Digital,Standard seating,1,Yes,10:00 AM,01:30 PM,06:00 PM,09:30 PM,,₹100 - ₹250,₹80 - ₹200,Snacks available,Limited parking,Yes,No,Yes,Moderate,Morning budget shows,"Low on weekdays, high during blockbuster releases","Historic famous theatre in Vizag, family entertainment theatre","Budget movie watching, Family outings, Friends",₹300 - ₹600 per person,"Dwaraka Nagar, Beach Road",https://www.google.com/maps/search/?api=1&query=Sri+Kanya+Theatre+Visakhapatnam,Verified theatre details
Kinnera Theatre,3.8,350,"Seethammadhara, Visakhapatnam",Seethammadhara,Visakhapatnam,Andhra Pradesh,IN,+91 - 891 - 2710200,https://bookmyshow.com,Cinema - Single Screen,2D,Dolby Digital,Standard seating,1,Yes,10:00 AM,01:30 PM,06:00 PM,09:30 PM,,₹100 - ₹200,₹80 - ₹200,Snacks available,Free parking,Yes,No,Yes,Moderate,Morning budget shows,"Low on weekdays, high during blockbuster releases","Budget - friendly single screen, family entertainment theatre","Budget movie watching, Family outings, Friends",₹250 - ₹500 per person,"Seethammadhara, MVP Colony",https://www.google.com/maps/search/?api=1&query=Kinnera+Theatre+Seethammadhara+Visakhapatnam,Estimated show timings
Urvasi Theatre,3.8,350,"Jagadamba Junction, Visakhapatnam",Jagadamba Junction,Visakhapatnam,Andhra Pradesh,IN,+91 - 891 - 2542300,,Cinema - Single Screen,2D,Dolby Digital,Standard seating,1,Yes,10:00 AM,01:30 PM,06:00 PM,09:30 PM,,₹100 - ₹200,₹80 - ₹200,Snacks available,Limited parking,No,No,Yes,Moderate,Morning budget shows,"Low on weekdays, high during blockbuster releases","Budget - friendly single screen, historic famous theatre in Vizag","Budget movie watching, Family outings, Friends",₹200 - ₹500 per person,"Jagadamba Junction, Sangam Sarat Theatre",https://www.google.com/maps/search/?api=1&query=Urvasi+Theatre+Jagadamba+Visakhapatnam,Estimated show timings
Sukanya Theatre,3.8,350,"Gajuwaka, Visakhapatnam",Gajuwaka,Visakhapatnam,Andhra Pradesh,IN,+91 - 891 - 2518200,https://bookmyshow.com,Cinema - Single Screen,2D,Dolby Digital,Standard seating,1,Yes,10:00 AM,01:30 PM,06:00 PM,09:30 PM,,₹100 - ₹200,₹80 - ₹200,Snacks available,Free parking,Yes,No,Yes,Moderate,Weekday evenings,"Low on weekdays, high during blockbuster releases","Budget - friendly single screen, popular local cinema theatre","Budget movie watching, Family outings, Friends",₹250 - ₹500 per person,"Gajuwaka Market, BHPV Colony",https://www.google.com/maps/search/?api=1&query=Sukanya+Theatre+Gajuwaka+Visakhapatnam,Estimated show timings
Sarada Theatre,3.8,350,"Gajuwaka, Visakhapatnam",Gajuwaka,Visakhapatnam,Andhra Pradesh,IN,+91 - 891 - 2518500,https://bookmyshow.com,Cinema - Single Screen,2D,Dolby Digital,Standard seating,1,Yes,10:00 AM,01:30 PM,06:00 PM,09:30 PM,,₹100 - ₹200,₹80 - ₹200,Snacks available,Free parking,Yes,No,Yes,Moderate,Morning budget shows,"Low on weekdays, high during blockbuster releases","Budget - friendly single screen, family entertainment theatre","Budget movie watching, Family outings, Friends",₹250 - ₹500 per person,"Gajuwaka, HPCL Colony",https://www.google.com/maps/search/?api=1&query=Sarada+Theatre+Gajuwaka+Visakhapatnam,Estimated show timings
Poorna Theatre,3.8,350,"Main Road, Visakhapatnam",Visakhapatnam City,Visakhapatnam,Andhra Pradesh,IN,+91 - 891 - 2560100,https://bookmyshow.com,Cinema - Single Screen,2D,Dolby Digital,Standard seating,1,Yes,10:00 AM,01:30 PM,06:00 PM,09:30 PM,,₹100 - ₹250,₹80 - ₹200,Snacks available,Limited parking,Yes,No,Yes,Moderate,Morning budget shows,"Low on weekdays, high during blockbuster releases","Budget - friendly single screen, popular local cinema theatre","Budget movie watching, Family outings, Friends",₹300 - ₹600 per person,"City Center, Jagadamba Junction",https://www.google.com/maps/search/?api=1&query=Poorna+Theatre+Visakhapatnam,Estimated show timings
V Max Theatre,4.2,1200,"Siripuram, Visakhapatnam",Siripuram,Visakhapatnam,Andhra Pradesh,IN,+91 - 891 - 2575300,https://bookmyshow.com,Cinema - Multiplex,"2D, 3D, 4K Projection",Dolby Atmos,Standard and premium seating,4,Yes,10:00 AM,01:30 PM,06:00 PM,09:30 PM,11:45 PM,₹200 - ₹500,₹200 - ₹500,Snacks and beverages available,Paid parking,Yes,Yes,Yes,Yes,"Weekday evenings, weekend shows","High on weekends, moderate on weekdays","Premium multiplex experience, best for blockbuster movies","Family outings, Couples, Friends, Weekend entertainment",₹500 - ₹1200 per person,"Siripuram, VUDA Complex",https://www.google.com/maps/search/?api=1&query=V+Max+Theatre+Siripuram+Visakhapatnam,Verified theatre details
Lakshmikanth Theatre,3.8,350,"RTC Complex Area, Visakhapatnam",RTC Complex,Visakhapatnam,Andhra Pradesh,IN,+91 - 891 - 2540200,https://bookmyshow.com,Cinema - Single Screen,2D,Dolby Digital,Standard seating,1,Yes,10:00 AM,01:30 PM,06:00 PM,09:30 PM,,₹100 - ₹200,₹80 - ₹200,Snacks available,Free parking,Yes,No,Yes,Moderate,Morning budget shows,"Low on weekdays, high during blockbuster releases","Budget - friendly single screen, near RTC Complex","Budget movie watching, Family outings, Friends",₹250 - ₹500 per person,"RTC Complex, City Center",https://www.google.com/maps/search/?api=1&query=Lakshmikanth+Theatre+RTC+Complex+Visakhapatnam,Estimated show timings
Mohini Theatre,3.8,350,"Dondaparthy, Visakhapatnam",Dondaparthy,Visakhapatnam,Andhra Pradesh,IN,+91 - 891 - 2741100,https://bookmyshow.com,Cinema - Single Screen,2D,Dolby Digital,Standard seating,1,Yes,10:00 AM,01:30 PM,06:00 PM,09:30 PM,,₹100 - ₹200,₹80 - ₹200,Snacks available,Free parking,Yes,No,Yes,Moderate,Morning budget shows,"Low on weekdays, high during blockbuster releases","Budget - friendly single screen, popular local cinema theatre","Budget movie watching, Family outings, Friends",₹200 - ₹500 per person,"Dondaparthy, Seethammadhara",https://www.google.com/maps/search/?api=1&query=Mohini+Theatre+Dondaparthy+Visakhapatnam,Estimated show timings
Sri Venkateswara Theatre,3.8,350,"NAD Junction, Visakhapatnam",NAD Junction,Visakhapatnam,Andhra Pradesh,IN,+91 - 891 - 2746300,https://bookmyshow.com,Cinema - Single Screen,2D,Dolby Digital,Standard seating,1,Yes,10:00 AM,01:30 PM,06:00 PM,09:30 PM,,₹100 - ₹200,₹80 - ₹200,Snacks available,Free parking,Yes,No,Yes,Moderate,Morning budget shows,"Low on weekdays, high during blockbuster releases","Budget - friendly single screen, NAD Junction area","Budget movie watching, Family outings, Friends",₹250 - ₹500 per person,"NAD Junction, Steel Plant",https://www.google.com/maps/search/?api=1&query=Sri+Venkateswara+Theatre+NAD+Junction+Visakhapatnam,Estimated show timings
Ramadevi Theatre,3.8,350,"Gajuwaka, Visakhapatnam",Gajuwaka,Visakhapatnam,Andhra Pradesh,IN,+91 - 891 - 2519000,https://bookmyshow.com,Cinema - Single Screen,2D,Dolby Digital,Standard seating,1,Yes,10:00 AM,01:30 PM,06:00 PM,09:30 PM,,₹100 - ₹200,₹80 - ₹200,Snacks available,Free parking,Yes,No,Yes,Moderate,Morning budget shows,"Low on weekdays, high during blockbuster releases","Budget - friendly single screen, family entertainment theatre","Budget movie watching, Family outings, Friends",₹250 - ₹500 per person,"Gajuwaka, HPCL Township",https://www.google.com/maps/search/?api=1&query=Ramadevi+Theatre+Gajuwaka+Visakhapatnam,Estimated show timings
Durga Theatre,3.8,350,"Main Road, Visakhapatnam",Visakhapatnam City,Visakhapatnam,Andhra Pradesh,IN,+91 - 891 - 2561500,https://bookmyshow.com,Cinema - Single Screen,2D,Dolby Digital,Standard seating,1,Yes,10:00 AM,01:30 PM,06:00 PM,09:30 PM,,₹100 - ₹250,₹80 - ₹200,Snacks available,Limited parking,Yes,No,Yes,Moderate,Morning budget shows,"Low on weekdays, high during blockbuster releases","Budget - friendly single screen, popular local cinema theatre","Budget movie watching, Family outings, Friends",₹300 - ₹600 per person,"City Center, Jagadamba Junction",https://www.google.com/maps/search/?api=1&query=Durga+Theatre+Visakhapatnam,Estimated show timings
Srinivasa Theatre,3.8,350,"Gajuwaka, Visakhapatnam",Gajuwaka,Visakhapatnam,Andhra Pradesh,IN,+91 - 891 - 2519500,https://bookmyshow.com,Cinema - Single Screen,2D,Dolby Digital,Standard seating,1,Yes,10:00 AM,01:30 PM,06:00 PM,09:30 PM,,₹100 - ₹200,₹80 - ₹200,Snacks available,Free parking,Yes,No,Yes,Moderate,Morning budget shows,"Low on weekdays, high during blockbuster releases","Budget - friendly single screen, Gajuwaka area theatre","Budget movie watching, Family outings, Friends",₹250 - ₹500 per person,"Gajuwaka, Steel Plant Gate",https://www.google.com/maps/search/?api=1&query=Srinivasa+Theatre+Gajuwaka+Visakhapatnam,Estimated show timings
Raja Theatre,3.8,350,"Maddilapalem, Visakhapatnam",Maddilapalem,Visakhapatnam,Andhra Pradesh,IN,+91 - 891 - 2700200,https://bookmyshow.com,Cinema - Single Screen,2D,Dolby Digital,Standard seating,1,Yes,10:00 AM,01:30 PM,06:00 PM,09:30 PM,,₹100 - ₹200,₹80 - ₹200,Snacks available,Free parking,Yes,No,Yes,Moderate,Morning budget shows,"Low on weekdays, high during blockbuster releases","Budget - friendly single screen, Maddilapalem area","Budget movie watching, Family outings, Friends",₹250 - ₹500 per person,"Maddilapalem Market, CMR Central",https://www.google.com/maps/search/?api=1&query=Raja+Theatre+Maddilapalem+Visakhapatnam,Estimated show timings
Alankar Theatre,3.8,350,"City Center, Visakhapatnam",Visakhapatnam City,Visakhapatnam,Andhra Pradesh,IN,+91 - 891 - 2563000,,Cinema - Single Screen,2D,Dolby Digital,Standard seating,1,Yes,10:00 AM,01:30 PM,06:00 PM,09:30 PM,,₹100 - ₹200,₹80 - ₹200,Snacks available,Limited parking,No,No,Yes,Moderate,Morning budget shows,"Low on weekdays, high during blockbuster releases","Budget - friendly single screen, historic famous theatre in Vizag","Budget movie watching, Family outings, Friends",₹200 - ₹500 per person,"City Center, RTC Complex",https://www.google.com/maps/search/?api=1&query=Alankar+Theatre+Visakhapatnam,Estimated show timings
Swapna Theatre,3.8,350,"Gajuwaka, Visakhapatnam",Gajuwaka,Visakhapatnam,Andhra Pradesh,IN,+91 - 891 - 2519700,https://bookmyshow.com,Cinema - Single Screen,2D,Dolby Digital,Standard seating,1,Yes,10:00 AM,01:30 PM,06:00 PM,09:30 PM,,₹100 - ₹200,₹80 - ₹200,Snacks available,Free parking,Yes,No,Yes,Moderate,Morning budget shows,"Low on weekdays, high during blockbuster releases","Budget - friendly single screen, popular local cinema theatre","Budget movie watching, Family outings, Friends",₹250 - ₹500 per person,"Gajuwaka Market, Steel Plant",https://www.google.com/maps/search/?api=1&query=Swapna+Theatre+Gajuwaka+Visakhapatnam,Estimated show timings
Beach Road Cinemas,4.2,1200,"Beach Road, Visakhapatnam",Beach Road,Visakhapatnam,Andhra Pradesh,IN,+91 - 891 - 2755000,https://bookmyshow.com,Cinema - Multiplex,"2D, 3D, 4K Projection",Dolby Atmos,Standard and premium seating,3,Yes,10:00 AM,01:30 PM,06:00 PM,09:30 PM,11:45 PM,₹200 - ₹500,₹200 - ₹500,Snacks and beverages available,Free parking,Yes,Yes,Yes,Yes,Weekend movie shows,"High on weekends, moderate on weekdays","Beachside cinema experience, best for blockbuster movies","Family outings, Couples, Friends, Weekend entertainment",₹500 - ₹1200 per person,"RK Beach, Kailasagiri, Varun Beach",https://www.google.com/maps/search/?api=1&query=Beach+Road+Cinemas+Visakhapatnam,Estimated show timings
NAD Cineplex,3.8,350,"NAD Junction, Visakhapatnam",NAD Junction,Visakhapatnam,Andhra Pradesh,IN,+91 - 891 - 2746000,https://bookmyshow.com,Cinema - Single Screen,2D,Dolby Digital,Standard seating,1,Yes,10:00 AM,01:30 PM,06:00 PM,09:30 PM,,₹100 - ₹200,₹80 - ₹200,Snacks available,Free parking,Yes,No,Yes,Moderate,Morning budget shows,"Low on weekdays, high during blockbuster releases","Budget - friendly single screen, NAD Junction area","Budget movie watching, Family outings, Friends",₹250 - ₹500 per person,"NAD Junction, Steel Plant",https://www.google.com/maps/search/?api=1&query=NAD+Cineplex+Visakhapatnam,Estimated show timings
MVP Talkies,3.8,350,"MVP Colony, Visakhapatnam",MVP Colony,Visakhapatnam,Andhra Pradesh,IN,+91 - 891 - 2711000,https://bookmyshow.com,Cinema - Single Screen,2D,Dolby Digital,Standard seating,1,Yes,10:00 AM,01:30 PM,06:00 PM,09:30 PM,,₹100 - ₹200,₹80 - ₹200,Snacks available,Free parking,Yes,No,Yes,Moderate,Morning budget shows,"Low on weekdays, high during blockbuster releases","Budget - friendly single screen, MVP Colony area","Budget movie watching, Family outings, Friends",₹250 - ₹500 per person,"MVP Colony, VMRDA Park, Mirage Cinemas",https://www.google.com/maps/search/?api=1&query=MVP+Talkies+MVP+Colony+Visakhapatnam,Estimated show timings
Dwaraka Talkies,3.8,350,"Dwaraka Nagar, Visakhapatnam",Dwaraka Nagar,Visakhapatnam,Andhra Pradesh,IN,+91 - 891 - 2553000,https://bookmyshow.com,Cinema - Single Screen,2D,Dolby Digital,Standard seating,1,Yes,10:00 AM,01:30 PM,06:00 PM,09:30 PM,,₹100 - ₹250,₹80 - ₹200,Snacks available,Free parking,Yes,No,Yes,Moderate,Morning budget shows,"Low on weekdays, high during blockbuster releases","Budget - friendly single screen, Dwaraka Nagar area","Budget movie watching, Family outings, Friends",₹300 - ₹600 per person,"Dwaraka Nagar, CMR Mall, Beach Road",https://www.google.com/maps/search/?api=1&query=Dwaraka+Talkies+Dwaraka+Nagar+Visakhapatnam,Estimated show timings
Maddilapalem Cinemas,3.8,350,"Maddilapalem, Visakhapatnam",Maddilapalem,Visakhapatnam,Andhra Pradesh,IN,+91 - 891 - 2700500,https://bookmyshow.com,Cinema - Single Screen,2D,Dolby Digital,Standard seating,1,Yes,10:00 AM,01:30 PM,06:00 PM,09:30 PM,,₹100 - ₹200,₹80 - ₹200,Snacks available,Free parking,Yes,No,Yes,Moderate,Morning budget shows,"Low on weekdays, high during blockbuster releases","Budget - friendly single screen, Maddilapalem area","Budget movie watching, Family outings, Friends",₹250 - ₹500 per person,"Maddilapalem Market, INOX CMR Central",https://www.google.com/maps/search/?api=1&query=Maddilapalem+Cinemas+Visakhapatnam,Estimated show timings
RTC Complex Cinema Hall,3.8,350,"RTC Complex, Visakhapatnam",RTC Complex,Visakhapatnam,Andhra Pradesh,IN,+91 - 891 - 2541500,https://bookmyshow.com,Cinema - Single Screen,2D,Dolby Digital,Standard seating,1,Yes,10:00 AM,01:30 PM,06:00 PM,09:30 PM,,₹100 - ₹200,₹80 - ₹200,Snacks available,Free parking,Yes,No,Yes,Moderate,Morning budget shows,"Low on weekdays, high during blockbuster releases","Budget - friendly single screen, centrally located near RTC","Budget movie watching, Family outings, Friends",₹250 - ₹500 per person,"RTC Complex, City Center, Jagadamba Junction",https://www.google.com/maps/search/?api=1&query=RTC+Complex+Cinema+Hall+Visakhapatnam,Estimated show timings
Gajuwaka Talkies,3.8,350,"Main Road, Gajuwaka, Visakhapatnam",Gajuwaka,Visakhapatnam,Andhra Pradesh,IN,+91 - 891 - 2560101,,Cinema - Single Screen,2D,Dolby Digital,Standard seating,1,Partial,10:00 AM,01:30 PM,06:00 PM,09:30 PM,,₹100 - ₹200,₹80 - ₹200,Snacks available,Free parking,No,No,Yes,Moderate,Morning budget shows,"Low on weekdays, high during blockbuster releases","Budget - friendly single screen, popular local cinema","Budget movie watching, Family outings, Friends",₹250 - ₹600 per person,"Gajuwaka Industrial Area, Steel Plant",https://www.google.com/maps/search/?api=1&query=Gajuwaka+Talkies+Visakhapatnam,Estimated show timings
Sri Balaji Theatre Gajuwaka,3.8,350,"BHPV Road, Gajuwaka, Visakhapatnam",Gajuwaka,Visakhapatnam,Andhra Pradesh,IN,+91 - 891 - 2561202,,Cinema - Single Screen,2D,Dolby Digital,Standard seating,1,Yes,10:00 AM,01:30 PM,06:00 PM,09:30 PM,,₹100 - ₹220,₹80 - ₹200,Snacks available,Limited parking,No,No,Yes,Moderate,Weekday evenings,"Low on weekdays, high during blockbuster releases","Budget - friendly single screen, family entertainment theatre","Budget movie watching, Family outings, Friends",₹250 - ₹600 per person,"Gajuwaka Market, BHPV Colony",https://www.google.com/maps/search/?api=1&query=Sri+Balaji+Theatre+Gajuwaka+Visakhapatnam,Estimated show timings
Bhavani Theatre Gajuwaka,3.8,350,"Old Town Road, Gajuwaka, Visakhapatnam",Gajuwaka,Visakhapatnam,Andhra Pradesh,IN,+91 - 891 - 2562303,,Cinema - Single Screen,2D,Standard,Standard seating,1,No,10:00 AM,01:30 PM,06:00 PM,09:30 PM,,₹80 - ₹180,₹80 - ₹200,Popcorn and beverages available,Limited parking,No,No,Yes,Moderate,Morning budget shows,"Low on weekdays, high during blockbuster releases","Budget - friendly single screen, popular local cinema","Budget movie watching, Family outings, Friends",₹200 - ₹500 per person,"Gajuwaka Bus Stand, Local Market",https://www.google.com/maps/search/?api=1&query=Bhavani+Theatre+Gajuwaka+Visakhapatnam,Ticket prices may vary
Sudarshan Theatre NAD,3.8,350,"NAD Junction, Visakhapatnam",NAD Junction,Visakhapatnam,Andhra Pradesh,IN,+91 - 891 - 2589404,,Cinema - Single Screen,2D,Dolby Digital,Standard seating,1,Yes,10:00 AM,01:30 PM,06:00 PM,09:30 PM,,₹100 - ₹220,₹80 - ₹200,Snacks available,Free parking,No,No,Yes,Moderate,Weekday evenings,"Low on weekdays, high during blockbuster releases","Budget - friendly single screen, historic famous theatre in Vizag","Budget movie watching, Family outings, Friends",₹250 - ₹600 per person,"NAD Junction, Navy Area",https://www.google.com/maps/search/?api=1&query=Sudarshan+Theatre+NAD+Visakhapatnam,Estimated show timings
Sri Rama Theatre NAD,3.8,350,"Near NAD Junction, Visakhapatnam",NAD Junction,Visakhapatnam,Andhra Pradesh,IN,+91 - 891 - 2590505,,Cinema - Single Screen,2D,Standard,Standard seating,1,Yes,10:00 AM,01:30 PM,06:00 PM,09:30 PM,,₹100 - ₹200,₹80 - ₹200,Popcorn and beverages available,Free parking,No,No,Yes,Moderate,Weekday evenings,"Low on weekdays, high during blockbuster releases","Popular local cinema theatre, family entertainment","Budget movie watching, Family outings, Friends",₹250 - ₹500 per person,"NAD Crossroads, Navy Colony",https://www.google.com/maps/search/?api=1&query=Sri+Rama+Theatre+NAD+Visakhapatnam,Ticket prices may vary
Surya Cinema Beach Road,3.8,350,"Beach Road, Near RK Beach, Visakhapatnam",Beach Road,Visakhapatnam,Andhra Pradesh,IN,+91 - 891 - 2756606,,Cinema - Single Screen,2D,Dolby Digital,Standard seating,1,Yes,10:00 AM,01:30 PM,06:00 PM,09:30 PM,,₹120 - ₹250,₹80 - ₹200,Snacks available,Free parking,No,No,Yes,Moderate,Evening shows with beach view,"Low on weekdays, high during blockbuster releases","Budget - friendly single screen, beach road location","Budget movie watching, Family outings, Friends",₹300 - ₹700 per person,"RK Beach, Kailasagiri, Submarine Museum",https://www.google.com/maps/search/?api=1&query=Surya+Cinema+Beach+Road+Visakhapatnam,Estimated show timings
Sagar Theatre Beach Road,3.8,350,"Beach Road, Visakhapatnam",Beach Road,Visakhapatnam,Andhra Pradesh,IN,+91 - 891 - 2757707,,Cinema - Single Screen,2D,Dolby Digital,Standard seating,1,Yes,10:00 AM,01:30 PM,06:00 PM,09:30 PM,,₹100 - ₹230,₹80 - ₹200,Popcorn and beverages available,Free parking,No,No,Yes,Moderate,Weekend movie shows,"Low on weekdays, high during blockbuster releases","Beachside theatre, popular local cinema","Budget movie watching, Family outings, Friends",₹250 - ₹600 per person,"RK Beach, INS Kurusura Submarine Museum, Tenneti Park",https://www.google.com/maps/search/?api=1&query=Sagar+Theatre+Beach+Road+Visakhapatnam,Ticket prices may vary
Santhi Theatre Dwaraka Nagar,3.8,350,"Dwaraka Nagar, Visakhapatnam",Dwaraka Nagar,Visakhapatnam,Andhra Pradesh,IN,+91 - 891 - 2540808,,Cinema - Single Screen,2D,Dolby Digital,Standard seating,1,Yes,10:00 AM,01:30 PM,06:00 PM,09:30 PM,,₹100 - ₹230,₹80 - ₹200,Snacks available,Free parking,No,No,Yes,Moderate,Weekday evenings,"Low on weekdays, high during blockbuster releases","Budget - friendly single screen, family entertainment theatre","Budget movie watching, Family outings, Friends",₹250 - ₹600 per person,"Dwaraka Nagar Market, CMR Mall",https://www.google.com/maps/search/?api=1&query=Santhi+Theatre+Dwaraka+Nagar+Visakhapatnam,Estimated show timings
Vijaya Theatre Dwaraka Nagar,3.8,350,"2nd Lane, Dwaraka Nagar, Visakhapatnam",Dwaraka Nagar,Visakhapatnam,Andhra Pradesh,IN,+91 - 891 - 2541909,,Cinema - Single Screen,2D,Dolby Digital,Standard seating,1,Yes,10:00 AM,01:30 PM,06:00 PM,09:30 PM,,₹120 - ₹250,₹80 - ₹200,Snacks available,Limited parking,No,No,Yes,Moderate,Festival releases,"Low on weekdays, high during blockbuster releases","Historic famous theatre in Vizag, popular local cinema","Budget movie watching, Family outings, Friends",₹300 - ₹700 per person,"Dwaraka Nagar, CMR Mall, Beach Road",https://www.google.com/maps/search/?api=1&query=Vijaya+Theatre+Dwaraka+Nagar+Visakhapatnam,Timing should be checked locally
Lakshmi Theatre MVP Colony,3.8,350,"MVP Colony Sector 11, Visakhapatnam",MVP Colony,Visakhapatnam,Andhra Pradesh,IN,+91 - 891 - 2715010,,Cinema - Single Screen,2D,Dolby Digital,Standard seating,1,Yes,10:00 AM,01:30 PM,06:00 PM,09:30 PM,,₹100 - ₹220,₹80 - ₹200,Snacks available,Free parking,No,No,Yes,Moderate,Weekday evenings,"Low on weekdays, high during blockbuster releases","Family entertainment theatre, popular local cinema","Budget movie watching, Family outings, Friends",₹250 - ₹600 per person,"MVP Colony Park, VMRDA Park",https://www.google.com/maps/search/?api=1&query=Lakshmi+Theatre+MVP+Colony+Visakhapatnam,Estimated show timings
Roja Theatre MVP Colony,3.8,350,"MVP Colony Sector 5, Visakhapatnam",MVP Colony,Visakhapatnam,Andhra Pradesh,IN,+91 - 891 - 2716111,https://bookmyshow.com,Cinema - Single Screen,"2D, 3D",Dolby Digital,Standard and semi - premium seating,2,Yes,10:00 AM,01:30 PM,06:00 PM,09:30 PM,,₹120 - ₹280,₹80 - ₹200,Popcorn and beverages available,Free parking,Yes,No,Yes,Moderate,Weekend movie shows,"Low on weekdays, high during blockbuster releases","Budget - friendly mini theatre, family friendly","Budget movie watching, Family outings, Friends",₹300 - ₹700 per person,"MVP Colony, VMRDA Complex",https://www.google.com/maps/search/?api=1&query=Roja+Theatre+MVP+Colony+Visakhapatnam,Timing should be checked locally
Ganga Theatre Maddilapalem,3.8,350,"Maddilapalem Main Road, Visakhapatnam",Maddilapalem,Visakhapatnam,Andhra Pradesh,IN,+91 - 891 - 2701212,,Cinema - Single Screen,2D,Standard,Standard seating,1,Yes,10:00 AM,01:30 PM,06:00 PM,09:30 PM,,₹100 - ₹200,₹80 - ₹200,Snacks available,Limited parking,No,No,Yes,Moderate,Weekday evenings,"Low on weekdays, high during blockbuster releases","Budget - friendly single screen, popular neighbourhood cinema","Budget movie watching, Family outings, Friends",₹200 - ₹500 per person,"CMR Central Mall, Maddilapalem Market",https://www.google.com/maps/search/?api=1&query=Ganga+Theatre+Maddilapalem+Visakhapatnam,Ticket prices may vary
Sri Durga Bhavani Theatre,3.8,350,"Near Jagadamba Junction, Visakhapatnam",Jagadamba Junction,Visakhapatnam,Andhra Pradesh,IN,+91 - 891 - 2563313,,Cinema - Single Screen,2D,Standard,Standard seating,1,Partial,10:00 AM,01:30 PM,06:00 PM,09:30 PM,,₹80 - ₹180,₹80 - ₹200,Popcorn and beverages available,Limited parking,No,No,Yes,Moderate,"Morning budget shows, festival releases","Low on weekdays, high during blockbuster releases","Historic famous theatre in Vizag, budget - friendly","Budget movie watching, Family outings, Friends",₹200 - ₹500 per person,"Jagadamba Junction, Town Hall",https://www.google.com/maps/search/?api=1&query=Sri+Durga+Bhavani+Theatre+Jagadamba+Visakhapatnam,Timing should be checked locally
Anjali Theatre,3.8,350,"Jagadamba Junction, Visakhapatnam",Jagadamba Junction,Visakhapatnam,Andhra Pradesh,IN,+91 - 891 - 2564414,,Cinema - Single Screen,2D,Dolby Digital,Standard seating,1,Yes,10:00 AM,01:30 PM,06:00 PM,09:30 PM,,₹100 - ₹220,₹80 - ₹200,Snacks available,Limited parking,No,No,Yes,Moderate,Festival releases,"Low on weekdays, high during blockbuster releases","Historic famous theatre in Vizag, best for blockbuster movies","Budget movie watching, Family outings, Friends",₹250 - ₹600 per person,"Jagadamba Complex, Town Hall, Jagadamba Theatre",https://www.google.com/maps/search/?api=1&query=Anjali+Theatre+Jagadamba+Visakhapatnam,Estimated show timings
Waltair Talkies,3.8,350,"Waltair Main Road, Visakhapatnam",Waltair,Visakhapatnam,Andhra Pradesh,IN,+91 - 891 - 2712515,,Cinema - Single Screen,2D,Dolby Digital,Standard seating,1,Yes,10:00 AM,01:30 PM,06:00 PM,09:30 PM,,₹100 - ₹230,₹80 - ₹200,Snacks available,Free parking,No,No,Yes,Moderate,Weekday evenings,"Low on weekdays, high during blockbuster releases","Historic famous theatre in Vizag, popular local cinema","Budget movie watching, Family outings, Friends",₹250 - ₹600 per person,"Waltair Club, Andhra University, RK Beach",https://www.google.com/maps/search/?api=1&query=Waltair+Talkies+Visakhapatnam,Timing should be checked locally
Sri Sarada Theatre Seethammadhara,3.8,350,"Seethammadhara, Visakhapatnam",Seethammadhara,Visakhapatnam,Andhra Pradesh,IN,+91 - 891 - 2743616,,Cinema - Single Screen,2D,Dolby Digital,Standard seating,1,Yes,10:00 AM,01:30 PM,06:00 PM,09:30 PM,,₹100 - ₹210,₹80 - ₹200,Snacks available,Free parking,No,No,Yes,Moderate,Weekend movie shows,"Low on weekdays, high during blockbuster releases","Budget - friendly single screen, family entertainment theatre","Budget movie watching, Family outings, Friends",₹250 - ₹600 per person,"Seethammadhara Market, Kailasagiri",https://www.google.com/maps/search/?api=1&query=Sri+Sarada+Theatre+Seethammadhara+Visakhapatnam,Estimated show timings
Simhadri Theatre Simhachalam,3.8,350,"Simhachalam Main Road, Visakhapatnam",Simhachalam,Visakhapatnam,Andhra Pradesh,IN,+91 - 891 - 2791717,,Cinema - Single Screen,2D,Standard,Standard seating,1,Yes,10:00 AM,01:30 PM,06:00 PM,09:30 PM,,₹80 - ₹200,₹80 - ₹200,Popcorn and beverages available,Free parking,No,No,Yes,Moderate,"Festival releases, morning budget shows","Low on weekdays, high during blockbuster releases","Budget - friendly single screen, near Simhachalam Temple","Budget movie watching, Family outings, Friends",₹200 - ₹500 per person,"Simhachalam Temple, Bheemunipatnam Beach",https://www.google.com/maps/search/?api=1&query=Simhadri+Theatre+Simhachalam+Visakhapatnam,Ticket prices may vary
Sri Lakshmi Theatre Pendurthi,3.8,350,"Pendurthi Town, Visakhapatnam",Pendurthi,Visakhapatnam,Andhra Pradesh,IN,+91 - 891 - 2808818,,Cinema - Single Screen,2D,Standard,Standard seating,1,Partial,10:00 AM,01:30 PM,06:00 PM,09:30 PM,,₹80 - ₹180,₹80 - ₹200,Popcorn and beverages available,Free parking,No,No,Yes,Moderate,Morning budget shows,"Low on weekdays, high during blockbuster releases","Budget - friendly single screen, community cinema","Budget movie watching, Family outings, Friends",₹200 - ₹450 per person,Pendurthi Market,https://www.google.com/maps/search/?api=1&query=Sri+Lakshmi+Theatre+Pendurthi+Visakhapatnam,Timing should be checked locally
VPLEX Multiplex,4.2,1200,"Kommadi Road, Near VUDA Layout, Visakhapatnam",Kommadi,Visakhapatnam,Andhra Pradesh,IN,+91 - 891 - 2820919,https://bookmyshow.com,Cinema - Multiplex,"2D, 3D, 4K Projection",Dolby Digital,Standard and premium seating,3,Yes,10:00 AM,01:30 PM,06:00 PM,09:30 PM,11:45 PM,₹200 - ₹500,₹200 - ₹500,Snacks and beverages available,Free parking,Yes,Yes,Yes,Yes,Weekend movie shows,"High on weekends, moderate on weekdays","Family entertainment theatre, suburban multiplex","Family outings, Couples, Friends, Weekend entertainment",₹500 - ₹1200 per person,"VUDA Layout, Bheemunipatnam Road",https://www.google.com/maps/search/?api=1&query=VPLEX+Multiplex+Kommadi+Visakhapatnam,Estimated show timings
Ukkunagaram Talkies,3.8,350,"Steel Plant Township, Ukkunagaram, Visakhapatnam",Ukkunagaram,Visakhapatnam,Andhra Pradesh,IN,+91 - 891 - 2577020,,Cinema - Single Screen,2D,Dolby Digital,Standard seating,1,Yes,10:00 AM,01:30 PM,06:00 PM,09:30 PM,,₹80 - ₹200,₹80 - ₹200,Snacks available,Free parking,No,No,Yes,Moderate,Weekday evenings,"Low on weekdays, high during blockbuster releases","Township theatre, popular with steel plant workers and families","Budget movie watching, Family outings, Friends",₹200 - ₹500 per person,"VSP Steel Plant, Sports Complex",https://www.google.com/maps/search/?api=1&query=Ukkunagaram+Talkies+Visakhapatnam,Ticket prices may vary
Rushikonda Cinemax,3.8,350,"Rushikonda Hill Road, Visakhapatnam",Rushikonda,Visakhapatnam,Andhra Pradesh,IN,+91 - 891 - 2833121,https://bookmyshow.com,Cinema - Single Screen,"2D, 3D",Dolby Digital,Standard seating,2,Yes,10:00 AM,01:30 PM,06:00 PM,09:30 PM,,₹150 - ₹300,₹80 - ₹200,Popcorn and beverages available,Free parking,Yes,No,Yes,Moderate,Weekend movie shows,"Low on weekdays, high during blockbuster releases","Scenic hill - side location, best for blockbuster movies","Budget movie watching, Family outings, Friends",₹350 - ₹800 per person,"Rushikonda Beach, R&B Guest House, APTDC Resort",https://www.google.com/maps/search/?api=1&query=Rushikonda+Cinemax+Visakhapatnam,Estimated show timings
Vasavi Theatre Asilmetta,3.8,350,"Asilmetta Junction, Visakhapatnam",Asilmetta,Visakhapatnam,Andhra Pradesh,IN,+91 - 891 - 2550222,,Cinema - Single Screen,2D,Dolby Digital,Standard seating,1,Yes,10:00 AM,01:30 PM,06:00 PM,09:30 PM,,₹100 - ₹220,₹80 - ₹200,Snacks available,Limited parking,No,No,Yes,Moderate,Festival releases,"Low on weekdays, high during blockbuster releases","Historic famous theatre in Vizag, popular local cinema","Budget movie watching, Family outings, Friends",₹250 - ₹600 per person,"Asilmetta Park, Town Centre",https://www.google.com/maps/search/?api=1&query=Vasavi+Theatre+Asilmetta+Visakhapatnam,Timing should be checked locally
INOX Chitralayaa Mall,4.2,1200,"Chitralayaa Mall, Asilmetta Junction, Visakhapatnam",Asilmetta,Visakhapatnam,Andhra Pradesh,IN,+91 - 891 - 2560100,https://bookmyshow.com,Cinema - Multiplex,"4K Projection, Dolby Atmos",Dolby Atmos,Premium recliner and standard,3,Yes,10:00 AM,01:30 PM,06:00 PM,09:30 PM,11:45 PM,₹200 - ₹600,₹200 - ₹500,Full food court available,Basement parking,Yes,Yes,Yes,Yes,Weekend evenings,"High on weekends, moderate on weekdays","Mall - connected multiplex, Dolby Atmos experience","Family outings, Couples, Friends, Weekend entertainment",₹600 - ₹1500 per person,"Asilmetta Junction, Jagadamba Centre",https://www.google.com/maps/search/?api=1&query=INOX+Chitralayaa+Mall+Visakhapatnam,Estimated show timings
Cinepolis Sree Kanya,4.2,1200,"Sree Kanya Building, Dwaraka Nagar, Visakhapatnam",Dwaraka Nagar,Visakhapatnam,Andhra Pradesh,IN,+91 - 891 - 2754321,https://bookmyshow.com,Cinema - Multiplex,"4K Projection, Dolby Atmos, 3D",Dolby Atmos,Luxury recliners and standard,5,Yes,10:00 AM,01:30 PM,06:00 PM,09:30 PM,11:45 PM,₹250 - ₹700,₹200 - ₹500,Full food court available,Basement parking,Yes,Yes,Yes,Yes,Weekend evenings,"High on weekends, moderate on weekdays","Premium multiplex, luxury recliner seating, best blockbuster experience","Family outings, Couples, Friends, Weekend entertainment",₹700 - ₹1800 per person,"Dwaraka Nagar Shopping Area, Rushikonda Beach",https://www.google.com/maps/search/?api=1&query=Cinepolis+Sree+Kanya+Visakhapatnam,Estimated show timings
Mukta A2 Cinemas,4.2,1200,"Kommadi Main Road, Near Rushikonda, Visakhapatnam",Kommadi,Visakhapatnam,Andhra Pradesh,IN,+91 - 891 - 2801234,https://bookmyshow.com,Cinema - Multiplex,"4K Projection, Dolby Atmos",Dolby Atmos,Premium recliners and standard,4,Yes,10:00 AM,01:30 PM,06:00 PM,09:30 PM,11:45 PM,₹200 - ₹550,₹200 - ₹500,Full food court available,Free parking,Yes,Yes,Yes,Yes,Weekend evenings,"High on weekends, moderate on weekdays",Premium multiplex with luxury seating near Rushikonda,"Family outings, Couples, Friends, Weekend entertainment",₹600 - ₹1400 per person,"Rushikonda Beach, Kommadi Junction",https://www.google.com/maps/search/?api=1&query=Mukta+A2+Cinemas+Visakhapatnam,Estimated show timings
Miraj Cinemas Vizag,4.2,1200,"Hanumanthawaka Junction, Visakhapatnam",Hanumanthawaka,Visakhapatnam,Andhra Pradesh,IN,+91 - 891 - 2700200,https://bookmyshow.com,Cinema - Multiplex,"4K Projection, Dolby Digital",Dolby Digital,Standard and push - back seats,3,Yes,10:00 AM,01:30 PM,06:00 PM,09:30 PM,11:45 PM,₹180 - ₹500,₹200 - ₹500,Snacks and beverages available,Free parking,Yes,Yes,Yes,Yes,Weekend evenings,"High on weekends, moderate on weekdays",Affordable multiplex with good screen quality,"Family outings, Couples, Friends, Weekend entertainment",₹500 - ₹1200 per person,"Hanumanthawaka Market, MVP Colony",https://www.google.com/maps/search/?api=1&query=Miraj+Cinemas+Vizag+Visakhapatnam,Estimated show timings
Sree Rama Picture Palace 4K Dolby Atmos,3.8,350,"Gajuwaka Main Road, Visakhapatnam",Gajuwaka,Visakhapatnam,Andhra Pradesh,IN,+91 - 891 - 2501234,,Cinema - Single Screen,"4K Projection, Dolby Atmos",Dolby Atmos,Standard seating with push - back seats,1,Yes,10:00 AM,01:30 PM,06:00 PM,09:30 PM,,₹100 - ₹250,₹80 - ₹200,Snacks available,Free parking,No,No,Yes,Moderate,Weekend evenings,"Low on weekdays, high during blockbuster releases","4K Dolby Atmos upgraded single screen, budget - friendly","Budget movie watching, Family outings, Friends",₹300 - ₹700 per person,"Gajuwaka Market, Steel Plant Area",https://www.google.com/maps/search/?api=1&query=Sree+Rama+Picture+Palace+4K+Dolby+Atmos+Visakhapatnam,Estimated show timings
Kameswari Theatre,3.8,350,"Gajuwaka Bus Stand Road, Visakhapatnam",Gajuwaka,Visakhapatnam,Andhra Pradesh,IN,+91 - 891 - 2502100,,Cinema - Single Screen,2D,Dolby Digital,Standard seating,1,Yes,10:00 AM,01:30 PM,06:00 PM,09:30 PM,,₹80 - ₹200,₹80 - ₹200,Snacks available,Limited parking,No,No,Yes,Moderate,Weekend evenings,"Low on weekdays, high during blockbuster releases",Classic single - screen budget cinema in Gajuwaka,"Budget movie watching, Family outings, Friends",₹200 - ₹500 per person,"Gajuwaka Bus Stand, Steel Plant Township",https://www.google.com/maps/search/?api=1&query=Kameswari+Theatre+Visakhapatnam,Estimated show timings
Sri Balajee Theatre Bheemunipatnam,3.8,350,"Beach Road, Bheemunipatnam, Visakhapatnam",Bheemunipatnam,Visakhapatnam,Andhra Pradesh,IN,+91 - 8924 - 222100,,Cinema - Single Screen,2D,Surround Sound,Standard seating,1,Yes,10:00 AM,01:30 PM,06:00 PM,09:30 PM,,₹80 - ₹180,₹80 - ₹200,Snacks available,Free parking,No,No,Yes,Moderate,Weekend evenings,"Low on weekdays, high during blockbuster releases","Coastal - area theatre, beach nearby, local favourite","Budget movie watching, Family outings, Friends",₹200 - ₹450 per person,"Bheemunipatnam Beach, Lawson's Bay",https://www.google.com/maps/search/?api=1&query=Sri+Balajee+Theatre+Bheemunipatnam+Visakhapatnam,Estimated show timings
Shanthi Theatre Gajuwaka,3.8,350,"Near RINL Gate, Gajuwaka, Visakhapatnam",Gajuwaka,Visakhapatnam,Andhra Pradesh,IN,+91 - 891 - 2503200,,Cinema - Single Screen,2D,Dolby Digital,Standard seating,1,Yes,10:00 AM,01:30 PM,06:00 PM,09:30 PM,,₹80 - ₹180,₹80 - ₹200,Snacks available,Free parking,No,No,Yes,Moderate,Weekend evenings,"Low on weekdays, high during blockbuster releases",Economical cinema near steel plant township,"Budget movie watching, Family outings, Friends",₹200 - ₹450 per person,"RINL Steel Plant, Gajuwaka Market",https://www.google.com/maps/search/?api=1&query=Shanthi+Theatre+Gajuwaka+Visakhapatnam,Estimated show timings
Srinivasa Talkies Gajuwaka,3.8,350,"Gajuwaka Main Road, Visakhapatnam",Gajuwaka,Visakhapatnam,Andhra Pradesh,IN,+91 - 891 - 2504100,,Cinema - Single Screen,2D,Surround Sound,Standard seating,1,Yes,10:00 AM,01:30 PM,06:00 PM,09:30 PM,,₹70 - ₹160,₹80 - ₹200,Snacks available,Limited parking,No,No,Yes,Moderate,Weekend evenings,"Low on weekdays, high during blockbuster releases",Budget - friendly local cinema in Gajuwaka,"Budget movie watching, Family outings, Friends",₹180 - ₹400 per person,"Gajuwaka Bus Stand, Ukkunagaram Area",https://www.google.com/maps/search/?api=1&query=Srinivasa+Talkies+Gajuwaka+Visakhapatnam,Estimated show timings
Sri Mahalakshmi Theatre Gajuwaka,3.8,350,"Gajuwaka Colony Road, Visakhapatnam",Gajuwaka,Visakhapatnam,Andhra Pradesh,IN,+91 - 891 - 2504500,,Cinema - Single Screen,2D,Dolby Digital,Standard seating,1,Yes,10:00 AM,01:30 PM,06:00 PM,09:30 PM,,₹80 - ₹180,₹80 - ₹200,Snacks available,Limited parking,No,No,Yes,Moderate,Weekend evenings,"Low on weekdays, high during blockbuster releases",Family - oriented local cinema,"Budget movie watching, Family outings, Friends",₹200 - ₹420 per person,"Gajuwaka Colony, Steel Plant Township",https://www.google.com/maps/search/?api=1&query=Sri+Mahalakshmi+Theatre+Gajuwaka+Visakhapatnam,Estimated show timings
Vijaya Theatre Gajuwaka,3.8,350,"Opposite Gajuwaka Police Station, Visakhapatnam",Gajuwaka,Visakhapatnam,Andhra Pradesh,IN,+91 - 891 - 2504800,,Cinema - Single Screen,2D,Dolby Digital,Standard seating,1,Yes,10:00 AM,01:30 PM,06:00 PM,09:30 PM,,₹80 - ₹200,₹80 - ₹200,Snacks available,Limited parking,No,No,Yes,Moderate,Weekend evenings,"Low on weekdays, high during blockbuster releases",Popular neighbourhood single screen in Gajuwaka,"Budget movie watching, Family outings, Friends",₹200 - ₹450 per person,"Gajuwaka Police Station, Market Road",https://www.google.com/maps/search/?api=1&query=Vijaya+Theatre+Gajuwaka+Visakhapatnam,Estimated show timings
Padmavathi Theatre NAD,3.8,350,"NAD Junction, Visakhapatnam",NAD Junction,Visakhapatnam,Andhra Pradesh,IN,+91 - 891 - 2600200,,Cinema - Single Screen,2D,Dolby Digital,Standard seating,1,Yes,10:00 AM,01:30 PM,06:00 PM,09:30 PM,,₹80 - ₹200,₹80 - ₹200,Snacks available,Free parking,No,No,Yes,Moderate,Weekend evenings,"Low on weekdays, high during blockbuster releases",Well - known cinema near NAD Junction,"Budget movie watching, Family outings, Friends",₹200 - ₹450 per person,"NAD Junction Market, Old Town Area",https://www.google.com/maps/search/?api=1&query=Padmavathi+Theatre+NAD+Visakhapatnam,Estimated show timings
Swathi Theatre NAD,3.8,350,"NAD Road, Visakhapatnam",NAD Junction,Visakhapatnam,Andhra Pradesh,IN,+91 - 891 - 2600400,,Cinema - Single Screen,2D,Surround Sound,Standard seating,1,Yes,10:00 AM,01:30 PM,06:00 PM,09:30 PM,,₹70 - ₹180,₹80 - ₹200,Snacks available,Limited parking,No,No,Yes,Moderate,Weekend evenings,"Low on weekdays, high during blockbuster releases",Affordable family cinema near NAD,"Budget movie watching, Family outings, Friends",₹180 - ₹420 per person,"NAD Junction, Old Town Bus Stand",https://www.google.com/maps/search/?api=1&query=Swathi+Theatre+NAD+Visakhapatnam,Estimated show timings
Bharathi Theatre Old Town,3.8,350,"Old Town Main Road, Visakhapatnam",Old Town,Visakhapatnam,Andhra Pradesh,IN,+91 - 891 - 2555100,,Cinema - Single Screen,2D,Dolby Digital,Standard seating,1,Yes,10:00 AM,01:30 PM,06:00 PM,09:30 PM,,₹80 - ₹200,₹80 - ₹200,Snacks available,Limited parking,No,No,Yes,Moderate,Weekend evenings,"Low on weekdays, high during blockbuster releases",Historic single - screen cinema in Old Town,"Budget movie watching, Family outings, Friends",₹200 - ₹450 per person,"Old Town Bus Stand, Simhachalam Temple",https://www.google.com/maps/search/?api=1&query=Bharathi+Theatre+Old+Town+Visakhapatnam,Estimated show timings
Navabharat Theatre Old Town,3.8,350,"Old Town, Near Collector Office, Visakhapatnam",Old Town,Visakhapatnam,Andhra Pradesh,IN,+91 - 891 - 2556000,,Cinema - Single Screen,2D,Surround Sound,Standard seating,1,Yes,10:00 AM,01:30 PM,06:00 PM,09:30 PM,,₹70 - ₹180,₹80 - ₹200,Snacks available,Limited parking,No,No,Yes,Moderate,Weekend evenings,"Low on weekdays, high during blockbuster releases",Old - town legacy cinema with loyal local audience,"Budget movie watching, Family outings, Friends",₹180 - ₹400 per person,"Old Town Centre, Visakhapatnam District Collectorate",https://www.google.com/maps/search/?api=1&query=Navabharat+Theatre+Old+Town+Visakhapatnam,Estimated show timings
Sri Krishna Theatre Seethammadhara,3.8,350,"Seethammadhara Main Road, Visakhapatnam",Seethammadhara,Visakhapatnam,Andhra Pradesh,IN,+91 - 891 - 2700500,,Cinema - Single Screen,2D,Dolby Digital,Standard seating,1,Yes,10:00 AM,01:30 PM,06:00 PM,09:30 PM,,₹80 - ₹200,₹80 - ₹200,Snacks available,Free parking,No,No,Yes,Moderate,Weekend evenings,"Low on weekdays, high during blockbuster releases",Neighbourhood cinema serving Seethammadhara area,"Budget movie watching, Family outings, Friends",₹200 - ₹450 per person,"Seethammadhara Market, CMR Central Mall",https://www.google.com/maps/search/?api=1&query=Sri+Krishna+Theatre+Seethammadhara+Visakhapatnam,Estimated show timings
Sailaja Theatre MVP Colony,3.8,350,"MVP Colony 5th Sector, Visakhapatnam",MVP Colony,Visakhapatnam,Andhra Pradesh,IN,+91 - 891 - 2748200,,Cinema - Single Screen,2D,Dolby Digital,Standard seating,1,Yes,10:00 AM,01:30 PM,06:00 PM,09:30 PM,,₹80 - ₹200,₹80 - ₹200,Snacks available,Free parking,No,No,Yes,Moderate,Weekend evenings,"Low on weekdays, high during blockbuster releases",Popular local theatre in MVP Colony residential hub,"Budget movie watching, Family outings, Friends",₹200 - ₹450 per person,"MVP Colony Market, Kailasagiri Hill",https://www.google.com/maps/search/?api=1&query=Sailaja+Theatre+MVP+Colony+Visakhapatnam,Estimated show timings
Satyam Theatre Dwaraka Nagar,3.8,350,"Dwaraka Nagar Main Road, Visakhapatnam",Dwaraka Nagar,Visakhapatnam,Andhra Pradesh,IN,+91 - 891 - 2752000,,Cinema - Single Screen,2D,Dolby Digital,Standard seating,1,Yes,10:00 AM,01:30 PM,06:00 PM,09:30 PM,,₹80 - ₹220,₹80 - ₹200,Snacks available,Free parking,No,No,Yes,Moderate,Weekend evenings,"Low on weekdays, high during blockbuster releases",Well - known single screen in Dwaraka Nagar,"Budget movie watching, Family outings, Friends",₹220 - ₹500 per person,"Dwaraka Nagar Shopping Area, Beach Road",https://www.google.com/maps/search/?api=1&query=Satyam+Theatre+Dwaraka+Nagar+Visakhapatnam,Estimated show timings
Madhuri Theatre Akkayyapalem,3.8,350,"Akkayyapalem Main Road, Visakhapatnam",Akkayyapalem,Visakhapatnam,Andhra Pradesh,IN,+91 - 891 - 2720100,,Cinema - Single Screen,2D,Surround Sound,Standard seating,1,Yes,10:00 AM,01:30 PM,06:00 PM,09:30 PM,,₹70 - ₹180,₹80 - ₹200,Snacks available,Limited parking,No,No,Yes,Moderate,Weekend evenings,"Low on weekdays, high during blockbuster releases",Budget cinema serving Akkayyapalem and Waltair areas,"Budget movie watching, Family outings, Friends",₹180 - ₹400 per person,"Akkayyapalem Junction, Waltair Uplands",https://www.google.com/maps/search/?api=1&query=Madhuri+Theatre+Akkayyapalem+Visakhapatnam,Estimated show timings
Jagdish Theatre Pendurthi,3.8,350,"Pendurthi Main Road, Visakhapatnam",Pendurthi,Visakhapatnam,Andhra Pradesh,IN,+91 - 891 - 2861000,,Cinema - Single Screen,2D,Dolby Digital,Standard seating,1,Yes,10:00 AM,01:30 PM,06:00 PM,09:30 PM,,₹70 - ₹160,₹80 - ₹200,Snacks available,Free parking,No,No,Yes,Moderate,Weekend evenings,"Low on weekdays, high during blockbuster releases",Cinema serving Pendurthi township outskirts,"Budget movie watching, Family outings, Friends",₹180 - ₹380 per person,"Pendurthi Market, Simhachalam Road",https://www.google.com/maps/search/?api=1&query=Jagdish+Theatre+Pendurthi+Visakhapatnam,Estimated show timings
Sri Sai Ram Theatre Anakapalli Road,3.8,350,"Anakapalli Highway, Visakhapatnam",Anakapalli Road,Visakhapatnam,Andhra Pradesh,IN,+91 - 891 - 2870100,,Cinema - Single Screen,2D,Dolby Digital,Standard seating,1,Yes,10:00 AM,01:30 PM,06:00 PM,09:30 PM,,₹80 - ₹180,₹80 - ₹200,Snacks available,Free parking,No,No,Yes,Moderate,Weekend evenings,"Low on weekdays, high during blockbuster releases",Highway - side single screen serving outskirts,"Budget movie watching, Family outings, Friends",₹200 - ₹420 per person,"Anakapalli Highway, Industrial Area",https://www.google.com/maps/search/?api=1&query=Sri+Sai+Ram+Theatre+Anakapalli+Road+Visakhapatnam,Estimated show timings
Triveni Theatre Visakhapatnam,3.8,350,"Jagadamba Junction Road, Visakhapatnam",Jagadamba Junction,Visakhapatnam,Andhra Pradesh,IN,+91 - 891 - 2562200,,Cinema - Single Screen,2D,Dolby Digital,Standard seating,1,Yes,10:00 AM,01:30 PM,06:00 PM,09:30 PM,,₹80 - ₹200,₹80 - ₹200,Snacks available,Limited parking,No,No,Yes,Moderate,Weekend evenings,"Low on weekdays, high during blockbuster releases",Central - area single screen near busy Jagadamba Junction,"Budget movie watching, Family outings, Friends",₹200 - ₹450 per person,"Jagadamba Junction, RTC Complex",https://www.google.com/maps/search/?api=1&query=Triveni+Theatre+Visakhapatnam+Visakhapatnam,Estimated show timings
Sri Ram Theatre Waltair,3.8,350,"Waltair Main Road, Visakhapatnam",Waltair,Visakhapatnam,Andhra Pradesh,IN,+91 - 891 - 2563100,,Cinema - Single Screen,2D,Surround Sound,Standard seating,1,Yes,10:00 AM,01:30 PM,06:00 PM,09:30 PM,,₹80 - ₹200,₹80 - ₹200,Snacks available,Free parking,No,No,Yes,Moderate,Weekend evenings,"Low on weekdays, high during blockbuster releases",Classic theatre in upscale Waltair area,"Budget movie watching, Family outings, Friends",₹200 - ₹450 per person,"Waltair Uplands, RK Beach",https://www.google.com/maps/search/?api=1&query=Sri+Ram+Theatre+Waltair+Visakhapatnam,Estimated show timings
Padma Theatre Visakhapatnam,3.8,350,"Asilmetta Junction, Visakhapatnam",Asilmetta,Visakhapatnam,Andhra Pradesh,IN,+91 - 891 - 2562400,,Cinema - Single Screen,2D,Dolby Digital,Standard seating,1,Yes,10:00 AM,01:30 PM,06:00 PM,09:30 PM,,₹80 - ₹200,₹80 - ₹200,Snacks available,Limited parking,No,No,Yes,Moderate,Weekend evenings,"Low on weekdays, high during blockbuster releases",Well - known theatre at Asilmetta Junction,"Budget movie watching, Family outings, Friends",₹200 - ₹450 per person,"Asilmetta Junction, INOX Chitralayaa Mall",https://www.google.com/maps/search/?api=1&query=Padma+Theatre+Visakhapatnam+Visakhapatnam,Estimated show timings
Geeta Theatre Visakhapatnam,3.8,350,"Daba Gardens Main Road, Visakhapatnam",Daba Gardens,Visakhapatnam,Andhra Pradesh,IN,+91 - 891 - 2564000,,Cinema - Single Screen,2D,Dolby Digital,Standard seating,1,Yes,10:00 AM,01:30 PM,06:00 PM,09:30 PM,,₹80 - ₹200,₹80 - ₹200,Snacks available,Free parking,No,No,Yes,Moderate,Weekend evenings,"Low on weekdays, high during blockbuster releases",Neighbourhood cinema in Daba Gardens,"Budget movie watching, Family outings, Friends",₹200 - ₹450 per person,"Daba Gardens Beach, RK Beach",https://www.google.com/maps/search/?api=1&query=Geeta+Theatre+Visakhapatnam+Visakhapatnam,Estimated show timings
New Roopa Theatre,3.8,350,"Near Jagadamba Junction, Visakhapatnam",Jagadamba Junction,Visakhapatnam,Andhra Pradesh,IN,+91 - 891 - 2563500,,Cinema - Single Screen,2D,Surround Sound,Standard seating,1,Yes,10:00 AM,01:30 PM,06:00 PM,09:30 PM,,₹80 - ₹200,₹80 - ₹200,Snacks available,Limited parking,No,No,Yes,Moderate,Weekend evenings,"Low on weekdays, high during blockbuster releases",Affordable central - area cinema,"Budget movie watching, Family outings, Friends",₹200 - ₹450 per person,"Jagadamba Junction, RTC Complex",https://www.google.com/maps/search/?api=1&query=New+Roopa+Theatre+Visakhapatnam,Estimated show timings
Annapurna Theatre,3.8,350,"Main Road, Visakhapatnam",Visakhapatnam City,Visakhapatnam,Andhra Pradesh,IN,+91 - 891 - 2560200,,Cinema - Single Screen,2D,Dolby Digital,Standard seating,1,Yes,10:00 AM,01:30 PM,06:00 PM,09:30 PM,,₹80 - ₹200,₹80 - ₹200,Snacks available,Limited parking,No,No,Yes,Moderate,Weekend evenings,"Low on weekdays, high during blockbuster releases",Classic Vizag single - screen cinema,"Budget movie watching, Family outings, Friends",₹200 - ₹450 per person,"Visakhapatnam City Centre, Beach Road",https://www.google.com/maps/search/?api=1&query=Annapurna+Theatre+Visakhapatnam,Estimated show timings
Santosh Theatre Dwaraka Nagar,3.8,350,"Dwaraka Nagar 2nd Lane, Visakhapatnam",Dwaraka Nagar,Visakhapatnam,Andhra Pradesh,IN,+91 - 891 - 2754000,,Cinema - Single Screen,2D,Dolby Digital,Standard seating,1,Yes,10:00 AM,01:30 PM,06:00 PM,09:30 PM,,₹80 - ₹200,₹80 - ₹200,Snacks available,Free parking,No,No,Yes,Moderate,Weekend evenings,"Low on weekdays, high during blockbuster releases",Neighbourhood theatre for Dwaraka Nagar residents,"Budget movie watching, Family outings, Friends",₹200 - ₹450 per person,"Dwaraka Nagar Park, Rushikonda Beach",https://www.google.com/maps/search/?api=1&query=Santosh+Theatre+Dwaraka+Nagar+Visakhapatnam,Estimated show timings
Vijetha Theatre,3.8,350,"Akkayyapalem Road, Visakhapatnam",Akkayyapalem,Visakhapatnam,Andhra Pradesh,IN,+91 - 891 - 2720300,,Cinema - Single Screen,2D,Surround Sound,Standard seating,1,Yes,10:00 AM,01:30 PM,06:00 PM,09:30 PM,,₹70 - ₹180,₹80 - ₹200,Snacks available,Limited parking,No,No,Yes,Moderate,Weekend evenings,"Low on weekdays, high during blockbuster releases",Economical cinema near Akkayyapalem junction,"Budget movie watching, Family outings, Friends",₹180 - ₹400 per person,"Akkayyapalem Market, Seethammadhara",https://www.google.com/maps/search/?api=1&query=Vijetha+Theatre+Visakhapatnam,Estimated show timings
Sri Rama Talkies Simhachalam,3.8,350,"Simhachalam Main Road, Visakhapatnam",Simhachalam,Visakhapatnam,Andhra Pradesh,IN,+91 - 891 - 2790100,,Cinema - Single Screen,2D,Dolby Digital,Standard seating,1,Yes,10:00 AM,01:30 PM,06:00 PM,09:30 PM,,₹70 - ₹180,₹80 - ₹200,Snacks available,Free parking,No,No,Yes,Moderate,Weekend evenings,"Low on weekdays, high during blockbuster releases",Cinema near famous Simhachalam Temple,"Budget movie watching, Family outings, Friends",₹180 - ₹400 per person,"Simhachalam Temple, Simhachalam Hills",https://www.google.com/maps/search/?api=1&query=Sri+Rama+Talkies+Simhachalam+Visakhapatnam,Estimated show timings
Bharath Theatre RTC Complex,3.8,350,"RTC Complex Area, Visakhapatnam",RTC Complex,Visakhapatnam,Andhra Pradesh,IN,+91 - 891 - 2558100,,Cinema - Single Screen,2D,Dolby Digital,Standard seating,1,Yes,10:00 AM,01:30 PM,06:00 PM,09:30 PM,,₹80 - ₹220,₹80 - ₹200,Snacks available,Limited parking,No,No,Yes,Moderate,Weekend evenings,"Low on weekdays, high during blockbuster releases","Located near busy RTC Complex, easy to access","Budget movie watching, Family outings, Friends",₹220 - ₹500 per person,"RTC Complex Bus Stand, Jagadamba Junction",https://www.google.com/maps/search/?api=1&query=Bharath+Theatre+RTC+Complex+Visakhapatnam,Estimated show timings
Sri Devi Theatre,3.8,350,"Main Road, Visakhapatnam",Visakhapatnam City,Visakhapatnam,Andhra Pradesh,IN,+91 - 891 - 2560600,,Cinema - Single Screen,2D,Surround Sound,Standard seating,1,Yes,10:00 AM,01:30 PM,06:00 PM,09:30 PM,,₹70 - ₹180,₹80 - ₹200,Snacks available,Limited parking,No,No,Yes,Moderate,Weekend evenings,"Low on weekdays, high during blockbuster releases",Classic city single - screen cinema,"Budget movie watching, Family outings, Friends",₹180 - ₹400 per person,"City Centre, Beach Road",https://www.google.com/maps/search/?api=1&query=Sri+Devi+Theatre+Visakhapatnam,Estimated show timings
Balaji Theatre Maddilapalem,3.8,350,"Maddilapalem Main Road, Visakhapatnam",Maddilapalem,Visakhapatnam,Andhra Pradesh,IN,+91 - 891 - 2700600,,Cinema - Single Screen,2D,Dolby Digital,Standard seating,1,Yes,10:00 AM,01:30 PM,06:00 PM,09:30 PM,,₹80 - ₹200,₹80 - ₹200,Snacks available,Free parking,No,No,Yes,Moderate,Weekend evenings,"Low on weekdays, high during blockbuster releases",Popular single screen in Maddilapalem,"Budget movie watching, Family outings, Friends",₹200 - ₹450 per person,"CMR Central Mall, Maddilapalem Market",https://www.google.com/maps/search/?api=1&query=Balaji+Theatre+Maddilapalem+Visakhapatnam,Estimated show timings
Mukthi Theatre Seethammadhara,3.8,350,"Seethammadhara Road, Visakhapatnam",Seethammadhara,Visakhapatnam,Andhra Pradesh,IN,+91 - 891 - 2700700,,Cinema - Single Screen,2D,Dolby Digital,Standard seating,1,Yes,10:00 AM,01:30 PM,06:00 PM,09:30 PM,,₹80 - ₹200,₹80 - ₹200,Snacks available,Free parking,No,No,Yes,Moderate,Weekend evenings,"Low on weekdays, high during blockbuster releases","Neighbourhood single screen, budget - friendly","Budget movie watching, Family outings, Friends",₹200 - ₹450 per person,"Seethammadhara Area, CMR Mall",https://www.google.com/maps/search/?api=1&query=Mukthi+Theatre+Seethammadhara+Visakhapatnam,Estimated show timings
Sri Tirumala Theatre,3.8,350,"Near Bus Stand, Visakhapatnam",Visakhapatnam City,Visakhapatnam,Andhra Pradesh,IN,+91 - 891 - 2561100,,Cinema - Single Screen,2D,Dolby Digital,Standard seating,1,Yes,10:00 AM,01:30 PM,06:00 PM,09:30 PM,,₹80 - ₹200,₹80 - ₹200,Snacks available,Limited parking,No,No,Yes,Moderate,Weekend evenings,"Low on weekdays, high during blockbuster releases",Centrally located single screen near bus stand,"Budget movie watching, Family outings, Friends",₹200 - ₹450 per person,"Visakhapatnam Bus Stand, Jagadamba Junction",https://www.google.com/maps/search/?api=1&query=Sri+Tirumala+Theatre+Visakhapatnam,Estimated show timings
New Pallavi Theatre,3.8,350,"City Road, Visakhapatnam",Visakhapatnam City,Visakhapatnam,Andhra Pradesh,IN,+91 - 891 - 2561400,,Cinema - Single Screen,2D,Surround Sound,Standard seating,1,Yes,10:00 AM,01:30 PM,06:00 PM,09:30 PM,,₹70 - ₹180,₹80 - ₹200,Snacks available,Limited parking,No,No,Yes,Moderate,Weekend evenings,"Low on weekdays, high during blockbuster releases",Affordable single screen for Telugu blockbusters,"Budget movie watching, Family outings, Friends",₹180 - ₹400 per person,"City Centre, Beach Road",https://www.google.com/maps/search/?api=1&query=New+Pallavi+Theatre+Visakhapatnam,Estimated show timings
Kalyan Theatre,3.8,350,"Main Road, Visakhapatnam",Visakhapatnam City,Visakhapatnam,Andhra Pradesh,IN,+91 - 891 - 2561700,,Cinema - Single Screen,2D,Dolby Digital,Standard seating,1,Yes,10:00 AM,01:30 PM,06:00 PM,09:30 PM,,₹80 - ₹200,₹80 - ₹200,Snacks available,Limited parking,No,No,Yes,Moderate,Weekend evenings,"Low on weekdays, high during blockbuster releases",Long - standing cinema in Visakhapatnam,"Budget movie watching, Family outings, Friends",₹200 - ₹450 per person,"City Centre, RTC Complex",https://www.google.com/maps/search/?api=1&query=Kalyan+Theatre+Visakhapatnam,Estimated show timings
Roshan Theatre Beach Road,3.8,350,"Beach Road, Near Kailasagiri Road, Visakhapatnam",Beach Road,Visakhapatnam,Andhra Pradesh,IN,+91 - 891 - 2563800,,Cinema - Single Screen,2D,Dolby Digital,Standard seating,1,Yes,10:00 AM,01:30 PM,06:00 PM,09:30 PM,,₹80 - ₹200,₹80 - ₹200,Snacks available,Free parking,No,No,Yes,Moderate,Weekend evenings,"Low on weekdays, high during blockbuster releases",Cinema close to scenic Beach Road,"Budget movie watching, Family outings, Friends",₹200 - ₹450 per person,"RK Beach, Kailasagiri Hill",https://www.google.com/maps/search/?api=1&query=Roshan+Theatre+Beach+Road+Visakhapatnam,Estimated show timings
STBL Cine World,4.3,5420,"9 - 25/2, NH16",NH16,Visakhapatnam,Andhra Pradesh,IN,,,Movie theater,Multiplex,Digital,Standard,3,Yes,Yes,Yes,Yes,Yes,No,₹100 - ₹250,₹150,Yes,Yes,Yes,Yes,Yes,Yes,Weekdays,Moderate,Multiplex cinema with a food court,"Family, Friends",₹250 - ₹450,NH16 Road,https://www.google.com/maps/place/STBL+Cine+World,Verified from Google Maps
Red Carpet Vizag,4.9,416,"10 - 50 - 11/8, Waltair Main Rd",Waltair,Visakhapatnam,Andhra Pradesh,IN,,,Movie theater,Premium,Dolby Atmos,Luxury,1,Yes,Yes,Yes,Yes,Yes,Yes,₹200 - ₹500,₹200,Yes,Yes,Yes,Yes,Yes,Yes,Weekends,Low,Premium luxury theater experience,"Couples, Special occasions",₹400 - ₹700,"Waltair Main Road, RK Beach",https://www.google.com/maps/place/Red+Carpet+Vizag,Verified from Google Maps
Sri Lakshmi Narasimha Theatre,4.3,2264,"104, Bapuji Nagar Colony Rd",Bapuji Nagar,Visakhapatnam,Andhra Pradesh,IN,,,Movie theater,Single Screen,Digital,Standard,1,Yes,Yes,Yes,Yes,Yes,No,₹80 - ₹180,₹100,Yes,Yes,No,No,Yes,Yes,Weekdays,Moderate,Single screen theater in Bapuji Nagar,"Family, Local audience",₹150 - ₹280,Bapuji Nagar Colony,https://www.google.com/maps/place/Sri+Lakshmi+Narasimha+Theatre,Verified from Google Maps
SVC Likhita Theatre,4.2,6693,beside IndianOil,Visakhapatnam,Visakhapatnam,Andhra Pradesh,IN,,,Movie theater,Single Screen,Digital,Standard,1,Yes,Yes,Yes,Yes,Yes,No,₹80 - ₹180,₹100,Yes,Yes,No,No,Yes,Yes,Weekdays,Moderate,Popular local single screen theater,"Family, Local audience",₹150 - ₹280,IndianOil Petrol Station,https://www.google.com/maps/place/SVC+Likhita+Theatre,Verified from Google Maps
Krishna Miniplex Movie Theatre,3.7,134,"F1, Pedda",Visakhapatnam,Visakhapatnam,Andhra Pradesh,IN,,,Movie theater,Mini Theater,Digital,Standard,1,Yes,Yes,Yes,Yes,Yes,No,₹60 - ₹150,₹80,No,No,No,No,Yes,Yes,Weekdays,Low,Mini theater experience,Local audience,₹100 - ₹200,,https://www.google.com/maps/place/Krishna+miniplex+Movie+Theatre,Verified from Google Maps
Sharada Theatre,3.8,885,"10/6A, 28 - 4 - 10/6A, Yellamathota Road, Behind Tummidi Brothers",Yellamathota Road,Visakhapatnam,Andhra Pradesh,IN,,,Movie theater,Single Screen,Digital,Standard,1,Yes,Yes,Yes,Yes,Yes,No,₹80 - ₹180,₹100,Yes,Yes,No,No,Yes,Yes,Weekdays,Moderate,Local single screen theater,"Family, Local audience",₹150 - ₹280,Tummidi Brothers,https://www.google.com/maps/place/Sharada+Theatre,Verified from Google Maps
Narasimha Theatre Simhachalam,3.0,3605,"Naidu Quarters, 6 - 176, Simhachalam Railway Station Rd",Simhachalam,Visakhapatnam,Andhra Pradesh,IN,,,Movie theater,Single Screen,Digital,Standard,1,No,Yes,Yes,Yes,Yes,No,₹60 - ₹120,₹80,Yes,Yes,No,No,Yes,No,Weekdays,Moderate,Old single screen near Simhachalam,Local audience,₹100 - ₹180,"Simhachalam Temple, Railway Station",https://www.google.com/maps/place/Narasimha - SriNarsimha+Theatres,Verified from Google Maps
Mourya AC DTS Theatre,3.4,1540,"Gopalapatnam Main Road, near railway station",Gopalapatnam,Visakhapatnam,Andhra Pradesh,IN,,,Movie theater,Single Screen,DTS,Standard,1,Yes,Yes,Yes,Yes,Yes,No,₹70 - ₹160,₹90,Yes,Yes,No,No,Yes,Yes,Weekdays,Moderate,AC theater with DTS sound near Gopalapatnam,"Family, Local audience",₹130 - ₹250,Gopalapatnam Railway Station,https://www.google.com/maps/place/Mourya+A/C+Dts+Theatr,Verified from Google Maps
Gokul Theater,3.3,2966,"Railway Station, Alliporam Karnala Street, Rama Chandra Circle",Rama Chandra Circle,Visakhapatnam,Andhra Pradesh,IN,,,Movie theater,Single Screen,Digital,Standard,1,No,Yes,Yes,Yes,Yes,No,₹60 - ₹130,₹80,Yes,No,No,No,Yes,No,Weekdays,Moderate,Old single screen theater,Local audience,₹100 - ₹180,Railway Station,https://www.google.com/maps/place/Gokul+Theater,Verified from Google Maps
AVR Saptagiri Theatre 2K Dolby Atmos,3.5,1906,"Survey No 29/2, Door No 4, 59 - 222, Kothapeta CJM Rd, near Andhra Bank",Kothapeta,Visakhapatnam,Andhra Pradesh,IN,,,Movie theater,Single Screen,Dolby Atmos,Standard,1,Yes,Yes,Yes,Yes,Yes,No,₹80 - ₹200,₹100,Yes,Yes,Yes,No,Yes,Yes,Weekdays,Moderate,2K projection with Dolby Atmos sound,"Movie enthusiasts, Family",₹150 - ₹300,"Andhra Bank, Kothapeta",https://www.google.com/maps/place/Avr+Saptagiri+Theatre+2k+Dolby+Atmos,Verified from Google Maps
Srikanthi Theatre,3.3,291,"P75X+3G7, Town Kotha Rd",Town Kotha Road,Visakhapatnam,Andhra Pradesh,IN,,,Movie theater,Single Screen,Digital,Standard,1,No,Yes,Yes,Yes,Yes,No,₹60 - ₹130,₹80,No,No,No,No,Yes,No,Weekdays,Low,Local single screen theater,Local audience,₹100 - ₹180,,https://www.google.com/maps/place/Srikanthi+Theatre,Verified from Google Maps
STBL Drive - in Theatre,4.3,7992,Vizag - Srikakulam Hwy,Srikakulam Highway,Visakhapatnam,Andhra Pradesh,IN,,,Drive - in movie theater,Drive - in,FM Radio / Digital,Car Seating,1,No,No,No,Yes,Yes,Yes,₹300 - ₹600,₹200,Yes,Yes,Yes,Yes,Yes,Yes,Evenings & Weekends,Moderate,Vizag's popular drive - in theater experience on NH,"Couples, Families, Unique experience",₹500 - ₹800,Vizag - Srikakulam Highway,https://www.google.com/maps/place/STBL+Drive - in+Theatre,Verified from Google Maps
Ganesh Theatre,4.0,2725,Visakhapatnam,Visakhapatnam,Visakhapatnam,Andhra Pradesh,IN,,,Movie theater,Single Screen,Digital,Standard,1,Yes,Yes,Yes,Yes,Yes,No,₹80 - ₹180,₹100,Yes,Yes,No,No,Yes,Yes,Weekdays,Moderate,Local theater,"Family, Local audience",₹150 - ₹280,,https://www.google.com/maps/place/Ganesh+Theatre,Verified from Google Maps
Asian Mukta Cinemas VMR Mall,4.5,335,"3rd floor, VMR Central Mall",VMR Central Mall,Visakhapatnam,Andhra Pradesh,IN,,,Movie theater,Multiplex,Dolby Digital,Standard,2,Yes,Yes,Yes,Yes,Yes,No,₹120 - ₹280,₹150,Yes,Yes,Yes,Yes,Yes,Yes,Weekends,Moderate,Multiplex inside VMR Central Mall,"Family, Shopping + Movie combo",₹250 - ₹450,VMR Central Mall,https://www.google.com/maps/place/Asian+Mukta+Cinemas+VMR+mall,Verified from Google Maps
Sri Seetharamayya Cine Complex,3.9,761,J37C+MW4 Ootagadda Junction,Ootagadda,Visakhapatnam,Andhra Pradesh,IN,,,Movie theater,Single Screen,Digital,Standard,1,Yes,Yes,Yes,Yes,Yes,No,₹80 - ₹180,₹100,Yes,Yes,No,No,Yes,Yes,Weekdays,Moderate,Cine complex at Ootagadda Junction,"Family, Local audience",₹150 - ₹280,Ootagadda Junction,https://www.google.com/maps/place/Sri+Seetharamayya+Cine+Complex,Verified from Google Maps
Raja Cine Max,4.0,1892,"V5JR+V49, VIZAG TO ARAKU ROAD, MANGALAPALEM, JUNCTION",Mangalapalem,Visakhapatnam,Andhra Pradesh,IN,,,Movie theater,Single Screen,Digital,Standard,1,Yes,Yes,Yes,Yes,Yes,No,₹80 - ₹180,₹100,Yes,Yes,No,No,Yes,Yes,Weekdays,Moderate,Theater on Vizag - Araku Road,"Family, Local audience",₹150 - ₹280,"Araku Road, Mangalapalem",https://www.google.com/maps/place/Raja+Cine+Max,Verified from Google Maps
Aruna Picture Palace,3.6,1470,19 - 11 - 24 - 23,Visakhapatnam,Visakhapatnam,Andhra Pradesh,IN,,,Movie theater,Single Screen,Digital,Standard,1,No,Yes,Yes,Yes,Yes,No,₹60 - ₹130,₹80,Yes,No,No,No,Yes,No,Weekdays,Moderate,Old single screen picture palace,Local audience,₹100 - ₹180,,https://www.google.com/maps/place/Aruna+Picture+Palace,Verified from Google Maps
Cinema Celebrations Mini Theatres,4.2,50,"plot no. 105, 2nd floor, opposite Road from Autobahn car interiors, opposite to Lawsonsbay park",Lawsonsbay,Visakhapatnam,Andhra Pradesh,IN,,,Event venue / Mini theater,Mini Theater,Digital,Premium,1,Yes,No,No,Yes,Yes,No,₹300 - ₹800,₹200,Yes,Yes,Yes,Yes,Yes,Yes,Weekends,Low,Private mini theater for celebrations and events,"Birthday parties, Anniversaries, Private screenings",₹500 - ₹1000,Lawsonsbay Park,https://www.google.com/maps/place/Cinema+Celebrations+Mini+Theatres,Verified from Google Maps
SVC Cinemas,3.5,8,"Railway Station, Alliporam Karnala Street, Rama Chandra Circle",Rama Chandra Circle,Visakhapatnam,Andhra Pradesh,IN,,,Movie theater,Single Screen,Digital,Standard,1,No,Yes,Yes,Yes,Yes,No,₹60 - ₹130,₹80,No,No,No,No,Yes,No,Weekdays,Low,Local single screen cinema,Local audience,₹100 - ₹180,Railway Station,https://www.google.com/maps/place/SVC+cinemas,Verified from Google Maps
PVR Cinemas CMR Central,4.4,3200,"CMR Central Mall, 4th Floor, NH - 16, Maddilapalem",Maddilapalem,Visakhapatnam,Andhra Pradesh,IN,,https://www.pvrcinemas.com,Cinema - Multiplex,"IMAX, 4K Projection, Dolby Atmos",Dolby Atmos 7.1,Luxury recliners and standard,5,Yes,10:00 AM,01:30 PM,06:00 PM,09:30 PM,11:45 PM,₹250 - ₹700,₹250 - ₹600,"Full food court, popcorn, beverages",Basement + multi - level parking,Yes,Yes,Yes,Yes,Weekday morning shows for fewer crowds,"High on weekends, moderate on weekdays","IMAX experience, luxury recliner seating, premium multiplex","Blockbuster movies, Family outings, Date nights, IMAX experience",₹700 - ₹2000 per person,"CMR Central Mall, Maddilapalem Market, NH - 16",https://www.google.com/maps/search/?api=1&query=PVR+Cinemas+CMR+Central+Visakhapatnam,Verified theatre details
Cinepolis Fun Republic Mall,4.3,2800,"Fun Republic Mall, Waltair Main Rd, Siripuram",Siripuram,Visakhapatnam,Andhra Pradesh,IN,,https://www.cinepolis.in,Cinema - Multiplex,"4K Projection, Dolby Atmos, 3D",Dolby Atmos,Premium recliner and standard,6,Yes,10:00 AM,01:30 PM,06:00 PM,09:30 PM,11:45 PM,₹200 - ₹600,₹200 - ₹500,Full food court available in mall,Multi - level mall parking,Yes,Yes,Yes,Yes,Evenings and weekends,High on weekends,"Mall - connected premium multiplex, 6 - screen experience","Family outings, Shopping + Movie combo, Friends",₹600 - ₹1800 per person,"Fun Republic Mall, Waltair Main Road, Siripuram Junction",https://www.google.com/maps/search/?api=1&query=Cinepolis+Fun+Republic+Mall+Visakhapatnam,Verified theatre details
Sarat Sagar Theatre,4.0,8500,"Jagadamba Junction, Chitralaya Road",Jagadamba,Visakhapatnam,Andhra Pradesh,IN,,,Cinema - Single Screen,"2D, 4K Projection",Dolby Digital,Standard with balcony,1,Yes,10:00 AM,01:30 PM,06:00 PM,09:30 PM,No,₹80 - ₹200,₹80 - ₹150,Snacks and beverages available,Street parking available,Yes,Partial,Yes,Yes,First show and matinee,High for new releases,Historic iconic theatre at Jagadamba Junction,"Telugu blockbusters, Family, Mass entertainers",₹200 - ₹500 per person,"Jagadamba Junction, Chitralaya Road, Leela Mahal",https://www.google.com/maps/search/?api=1&query=Sarat+Sagar+Theatre+Jagadamba+Visakhapatnam,Verified theatre details
Sri Srinivasa Theatre Jagadamba,3.8,4200,"Jagadamba Junction, near bus stand",Jagadamba,Visakhapatnam,Andhra Pradesh,IN,,,Cinema - Single Screen,2D,Dolby Digital,Standard,1,Yes,10:00 AM,01:30 PM,06:00 PM,09:30 PM,No,₹70 - ₹160,₹70 - ₹130,Snacks and tea available,Street parking,No,No,Yes,Yes,Weekdays,Moderate,Budget - friendly local theatre near Jagadamba,"Budget movies, Local audience, Telugu films",₹150 - ₹350 per person,"Jagadamba Bus Stand, Jagadamba Junction",https://www.google.com/maps/search/?api=1&query=Sri+Srinivasa+Theatre+Jagadamba+Visakhapatnam,Estimated show timings
Sri Rama Talkies RTC Complex,3.7,5600,"RTC Complex Road, near Rama Talkies Road",RTC Complex,Visakhapatnam,Andhra Pradesh,IN,,,Cinema - Single Screen,"2D, 4K Projection",Dolby Digital,Standard with balcony,1,Yes,10:00 AM,01:30 PM,06:00 PM,09:30 PM,No,₹80 - ₹180,₹80 - ₹150,Snacks available,Street parking,No,No,Yes,Yes,Weekdays morning and matinee,High for Telugu releases,Long - standing iconic RTC Complex area theatre,"Telugu movies, Budget entertainment, Local crowd",₹180 - ₹380 per person,"RTC Complex, Rama Talkies Road, Sree Rama Picture Palace",https://www.google.com/maps/search/?api=1&query=Sri+Rama+Talkies+RTC+Complex+Visakhapatnam,Verified theatre details
Pallavi Theatre RTC Complex,3.6,3100,"RTC Complex Road, Visakhapatnam",RTC Complex,Visakhapatnam,Andhra Pradesh,IN,,,Cinema - Single Screen,2D,Digital,Standard,1,Yes,10:00 AM,01:30 PM,06:00 PM,09:30 PM,No,₹70 - ₹160,₹70 - ₹120,Snacks available,Street parking,No,No,Yes,No,Weekdays,Moderate,Classic single screen in RTC Complex zone,"Budget Telugu films, Local audience",₹150 - ₹300 per person,"RTC Complex Bus Stand, Visakhapatnam Railway Station",https://www.google.com/maps/search/?api=1&query=Pallavi+Theatre+RTC+Complex+Visakhapatnam,Estimated show timings
Sri Rama Theatre Dwaraka Nagar,3.9,4800,"Dwaraka Nagar Main Road, near Municipal Office",Dwaraka Nagar,Visakhapatnam,Andhra Pradesh,IN,,,Cinema - Single Screen,"2D, 4K Projection",Dolby Digital,Standard,1,Yes,10:00 AM,01:30 PM,06:00 PM,09:30 PM,No,₹80 - ₹200,₹80 - ₹150,Snacks and beverages,Street parking,No,Partial,Yes,Yes,Weekdays for peaceful experience,Moderate to high on weekends,Popular family theatre in Dwaraka Nagar,"Family outings, Telugu films, Local audience",₹200 - ₹500 per person,"Dwaraka Nagar, Municipal Park, MVP Colony nearby",https://www.google.com/maps/search/?api=1&query=Sri+Rama+Theatre+Dwaraka+Nagar+Visakhapatnam,Verified theatre details
Padmavati Theatre Dwaraka Nagar,3.7,2900,"Dwaraka Nagar, Visakhapatnam",Dwaraka Nagar,Visakhapatnam,Andhra Pradesh,IN,,,Cinema - Single Screen,2D,Digital,Standard,1,Yes,10:00 AM,01:30 PM,06:00 PM,09:30 PM,No,₹70 - ₹160,₹70 - ₹120,Snacks available,Street parking,No,No,Yes,Yes,Weekdays,Moderate,Budget single screen in Dwaraka Nagar,"Budget entertainment, Local audience",₹150 - ₹330 per person,"Dwaraka Nagar Bus Stand, MVP Colony",https://www.google.com/maps/search/?api=1&query=Padmavati+Theatre+Dwaraka+Nagar+Visakhapatnam,Estimated show timings
Sri Kanaka Durga Theatre MVP Colony,3.8,3400,"MVP Colony, Sector - 7, Visakhapatnam",MVP Colony,Visakhapatnam,Andhra Pradesh,IN,,,Cinema - Single Screen,2D,Dolby Digital,Standard,1,Yes,10:00 AM,01:30 PM,06:00 PM,09:30 PM,No,₹80 - ₹180,₹80 - ₹150,Snacks and tea available,Street parking available,No,No,Yes,Yes,Weekdays,Moderate,Neighbourhood theatre serving MVP Colony residents,"Family, Local Telugu films, Community entertainment",₹200 - ₹400 per person,"MVP Colony Market, Sector - 7 Park",https://www.google.com/maps/search/?api=1&query=Sri+Kanaka+Durga+Theatre+MVP+Colony+Visakhapatnam,Estimated show timings
Madhavi Theatre MVP Colony,3.6,2100,"MVP Colony Main Road, Visakhapatnam",MVP Colony,Visakhapatnam,Andhra Pradesh,IN,,,Cinema - Single Screen,2D,Digital,Standard,1,Yes,10:00 AM,01:30 PM,06:00 PM,09:30 PM,No,₹70 - ₹160,₹70 - ₹120,Snacks available,Street parking,No,No,Yes,No,Weekdays,Low to moderate,Affordable neighbourhood cinema in MVP Colony,"Local audience, Budget entertainment",₹150 - ₹300 per person,"MVP Market, MVP Colony Main Road",https://www.google.com/maps/search/?api=1&query=Madhavi+Theatre+MVP+Colony+Visakhapatnam,Estimated show timings
Sri Lakshmi Narasimha Theatre NAD,3.9,3800,"NAD Junction Main Road, Visakhapatnam",NAD Junction,Visakhapatnam,Andhra Pradesh,IN,,,Cinema - Single Screen,2D,Dolby Digital,Standard,1,Yes,10:00 AM,01:30 PM,06:00 PM,09:30 PM,No,₹80 - ₹180,₹80 - ₹150,Snacks and beverages,Available nearby,No,No,Yes,Yes,Weekdays,Moderate,Popular local theatre serving NAD Junction area,"Local audience, Telugu films, Family",₹180 - ₹400 per person,"NAD Junction, Defence Colony",https://www.google.com/maps/search/?api=1&query=Sri+Lakshmi+Narasimha+Theatre+NAD+Visakhapatnam,Estimated show timings
Vijaya Theatre NAD Junction,3.7,2600,"NAD Junction Road, Visakhapatnam",NAD Junction,Visakhapatnam,Andhra Pradesh,IN,,,Cinema - Single Screen,2D,Digital,Standard,1,Partial,10:00 AM,01:30 PM,06:00 PM,09:30 PM,No,₹60 - ₹140,₹60 - ₹120,Snacks available,Street parking,No,No,Yes,No,Weekdays,Moderate,Budget cinema for NAD Junction locality,"Budget entertainment, Local audience",₹130 - ₹260 per person,"NAD Junction, Aerospace Colony",https://www.google.com/maps/search/?api=1&query=Vijaya+Theatre+NAD+Junction+Visakhapatnam,Estimated show timings
Sri Kanya Theatre Gajuwaka,3.8,4500,"Gajuwaka Main Road, near Gajuwaka Junction",Gajuwaka,Visakhapatnam,Andhra Pradesh,IN,,,Cinema - Single Screen,"2D, 4K Projection",Dolby Digital,Standard with balcony,1,Yes,10:00 AM,01:30 PM,06:00 PM,09:30 PM,No,₹80 - ₹180,₹80 - ₹150,Snacks and beverages,Street parking,No,No,Yes,Yes,Weekdays and morning shows,High for Telugu releases,Main mass entertainer theatre in Gajuwaka,"Mass Telugu films, Local Gajuwaka audience",₹180 - ₹380 per person,"Gajuwaka Junction, Steel Plant Road",https://www.google.com/maps/search/?api=1&query=Sri+Kanya+Theatre+Gajuwaka+Visakhapatnam,Verified theatre details
VSP Steel City Cinemas Gajuwaka,3.9,3200,"Steel Plant Road, Gajuwaka, Visakhapatnam",Gajuwaka,Visakhapatnam,Andhra Pradesh,IN,,,Cinema - Single Screen,"2D, 4K Projection",Dolby Digital,Standard,1,Yes,10:00 AM,01:30 PM,06:00 PM,09:30 PM,No,₹80 - ₹180,₹80 - ₹150,Snacks and tea available,Available,No,No,Yes,Yes,Weekdays,Moderate,Popular theatre for steel plant township workers and families,"Family, Local audience, Telugu films",₹180 - ₹380 per person,"RINL Steel Plant, Gajuwaka Market",https://www.google.com/maps/search/?api=1&query=VSP+Steel+City+Cinemas+Gajuwaka+Visakhapatnam,Estimated show timings
Rama Theatre Gajuwaka,3.6,2400,"Gajuwaka Junction Road, Visakhapatnam",Gajuwaka,Visakhapatnam,Andhra Pradesh,IN,,,Cinema - Single Screen,2D,Digital,Standard,1,Partial,10:00 AM,01:30 PM,06:00 PM,09:30 PM,No,₹60 - ₹140,₹60 - ₹100,Limited snacks,Street parking,No,No,Yes,No,Weekdays,Moderate,Budget local cinema in Gajuwaka,"Budget entertainment, Local audience",₹130 - ₹260 per person,"Gajuwaka Market, Steel Plant Gate",https://www.google.com/maps/search/?api=1&query=Rama+Theatre+Gajuwaka+Visakhapatnam,Estimated show timings
Nataraj Theatre Seethammadhara,3.8,3600,"Seethammadhara Main Road, Visakhapatnam",Seethammadhara,Visakhapatnam,Andhra Pradesh,IN,,,Cinema - Single Screen,"2D, 4K Projection",Dolby Digital,Standard,1,Yes,10:00 AM,01:30 PM,06:00 PM,09:30 PM,No,₹80 - ₹200,₹80 - ₹150,Snacks and beverages,Available,No,No,Yes,Yes,Weekdays morning shows,Moderate,Established single screen serving Seethammadhara,"Family, Local Telugu audience",₹200 - ₹420 per person,"Seethammadhara Main Road, Auto Nagar",https://www.google.com/maps/search/?api=1&query=Nataraj+Theatre+Seethammadhara+Visakhapatnam,Estimated show timings
Anand Theatre Seethammadhara,3.7,2800,"Seethammadhara, Visakhapatnam",Seethammadhara,Visakhapatnam,Andhra Pradesh,IN,,,Cinema - Single Screen,2D,Digital,Standard,1,Yes,10:00 AM,01:30 PM,06:00 PM,09:30 PM,No,₹70 - ₹160,₹70 - ₹130,Snacks available,Street parking,No,No,Yes,Yes,Weekdays,Moderate,Neighbourhood single screen in Seethammadhara,"Local audience, Telugu films",₹150 - ₹320 per person,"Seethammadhara, Auto Nagar",https://www.google.com/maps/search/?api=1&query=Anand+Theatre+Seethammadhara+Visakhapatnam,Estimated show timings
Sri Rama Theatre Akkayyapalem,3.8,3100,"Akkayyapalem Main Road, Visakhapatnam",Akkayyapalem,Visakhapatnam,Andhra Pradesh,IN,,,Cinema - Single Screen,2D,Dolby Digital,Standard,1,Yes,10:00 AM,01:30 PM,06:00 PM,09:30 PM,No,₹80 - ₹180,₹80 - ₹150,Snacks available,Street parking,No,No,Yes,Yes,Weekdays,Moderate,Family theatre in Akkayyapalem locality,"Family entertainment, Local Telugu films",₹180 - ₹380 per person,"Akkayyapalem Market, Dwaraka Nagar nearby",https://www.google.com/maps/search/?api=1&query=Sri+Rama+Theatre+Akkayyapalem+Visakhapatnam,Estimated show timings
Vijaya Theatre Akkayyapalem,3.6,2200,"Akkayyapalem, Visakhapatnam",Akkayyapalem,Visakhapatnam,Andhra Pradesh,IN,,,Cinema - Single Screen,2D,Digital,Standard,1,Partial,10:00 AM,01:30 PM,06:00 PM,09:30 PM,No,₹60 - ₹140,₹60 - ₹110,Limited snacks,Street parking,No,No,Yes,No,Weekdays,Moderate,Budget cinema in Akkayyapalem area,"Budget entertainment, Local audience",₹130 - ₹260 per person,Akkayyapalem Junction,https://www.google.com/maps/search/?api=1&query=Vijaya+Theatre+Akkayyapalem+Visakhapatnam,Estimated show timings
Sri Balaji Theatre Railway New Colony,3.7,2700,"Railway New Colony Road, opposite SBI, Visakhapatnam",Railway New Colony,Visakhapatnam,Andhra Pradesh,IN,,,Cinema - Single Screen,2D,Digital,Standard,1,Yes,10:00 AM,01:30 PM,06:00 PM,09:30 PM,No,₹70 - ₹160,₹70 - ₹130,Snacks available,Street parking,No,No,Yes,Yes,Weekdays,Moderate,Accessible theatre near railway colony,"Local audience, Railway colony residents",₹150 - ₹320 per person,"Railway New Colony, SBI Bank",https://www.google.com/maps/search/?api=1&query=Sri+Balaji+Theatre+Railway+New+Colony+Visakhapatnam,Estimated show timings
Surya Theatre Old Town,3.6,3200,"Old Town Main Road, Visakhapatnam",Old Town,Visakhapatnam,Andhra Pradesh,IN,,,Cinema - Single Screen,2D,Digital,Standard,1,Partial,10:00 AM,01:30 PM,06:00 PM,09:30 PM,No,₹60 - ₹140,₹60 - ₹110,Snacks available,Street parking,No,No,Yes,No,Weekdays,Moderate,Classic old town cinema with heritage feel,"Old town residents, Budget Telugu movies",₹130 - ₹260 per person,"Old Town Market, Simhachalam Temple Road",https://www.google.com/maps/search/?api=1&query=Surya+Theatre+Old+Town+Visakhapatnam,Estimated show timings
Satyam Theatre Old Town,3.5,2400,"Old Town, Visakhapatnam",Old Town,Visakhapatnam,Andhra Pradesh,IN,,,Cinema - Single Screen,2D,Digital,Standard,1,No,10:00 AM,01:30 PM,06:00 PM,09:30 PM,No,₹50 - ₹120,₹50 - ₹100,Limited snacks,Street parking,No,No,Yes,No,Weekdays,Low to moderate,Budget economy theatre in old Vizag,"Very budget entertainment, Local audience",₹100 - ₹200 per person,"Old Town Bazaar, Poorna Market",https://www.google.com/maps/search/?api=1&query=Satyam+Theatre+Old+Town+Visakhapatnam,Estimated show timings
Sri Devi Theatre Poorna Market,3.6,2900,"Poorna Market Road, Visakhapatnam",Poorna Market,Visakhapatnam,Andhra Pradesh,IN,,,Cinema - Single Screen,2D,Digital,Standard,1,Yes,10:00 AM,01:30 PM,06:00 PM,09:30 PM,No,₹70 - ₹160,₹70 - ₹130,Snacks available,Street parking,No,No,Yes,Yes,Weekdays,Moderate,Central market area single screen cinema,"Local audience, Budget films, Market - area visitors",₹150 - ₹320 per person,"Poorna Market, Jagadamba Junction",https://www.google.com/maps/search/?api=1&query=Sri+Devi+Theatre+Poorna+Market+Visakhapatnam,Estimated show timings
Navarang Theatre Poorna Market,3.5,2200,"Near Poorna Market, Visakhapatnam",Poorna Market,Visakhapatnam,Andhra Pradesh,IN,,,Cinema - Single Screen,2D,Digital,Standard,1,Partial,10:00 AM,01:30 PM,06:00 PM,09:30 PM,No,₹60 - ₹140,₹60 - ₹110,Snacks available,Street parking,No,No,Yes,No,Weekdays,Low to moderate,Affordable cinema near Poorna Market bazaar,"Budget entertainment, Market visitors",₹130 - ₹260 per person,"Poorna Market, Old Town Bazaar",https://www.google.com/maps/search/?api=1&query=Navarang+Theatre+Poorna+Market+Visakhapatnam,Estimated show timings
RK Beach Cinemas,4.1,4100,"Beach Road, near RK Beach, Visakhapatnam",Beach Road,Visakhapatnam,Andhra Pradesh,IN,,,Cinema - Single Screen,"2D, 4K Projection",Dolby Digital,Standard,2,Yes,10:00 AM,01:30 PM,06:00 PM,09:30 PM,No,₹100 - ₹220,₹100 - ₹180,Snacks and beverages,Beach road parking,Yes,Partial,Yes,Yes,Evening shows with sea breeze nearby,Moderate to high on weekends,"Cinema near iconic RK Beach, sea - side movie experience","Tourists, Couples, Beach visit + Movie combo",₹250 - ₹550 per person,"RK Beach, Kailasagiri, VUDA Park, Submarine Museum",https://www.google.com/maps/search/?api=1&query=RK+Beach+Cinemas+Visakhapatnam,Estimated show timings
Waltair Club Cinema Hall,3.8,1800,"Waltair Club Road, Waltair Uplands, Visakhapatnam",Waltair Uplands,Visakhapatnam,Andhra Pradesh,IN,,,Cinema - Club / Members,2D,Dolby Digital,Comfortable standard,1,Yes,10:00 AM,01:30 PM,06:00 PM,09:30 PM,No,₹100 - ₹250,₹150 - ₹300,Club restaurant and snacks,Club parking available,No,Partial,Yes,Yes,Evenings,Low (members only),Members - only club cinema with comfortable ambiance,"Club members, Relaxed movie experience, Families",₹300 - ₹700 per person,"Waltair Uplands, RK Beach, AU Campus",https://www.google.com/maps/search/?api=1&query=Waltair+Club+Cinema+Hall+Visakhapatnam,Estimated show timings
Sri Venkateswara Theatre Maddilapalem,3.9,3700,"Maddilapalem Main Road, near Maddilapalem Bus Stand",Maddilapalem,Visakhapatnam,Andhra Pradesh,IN,,,Cinema - Single Screen,"2D, 4K Projection",Dolby Digital,Standard,1,Yes,10:00 AM,01:30 PM,06:00 PM,09:30 PM,No,₹80 - ₹180,₹80 - ₹150,Snacks and beverages,Available,No,No,Yes,Yes,Weekdays and morning shows,High for Telugu releases,Popular theatre for Maddilapalem locality,"Family, Local Telugu movies, Mass entertainers",₹200 - ₹400 per person,"Maddilapalem Bus Stand, CMR Central Mall nearby",https://www.google.com/maps/search/?api=1&query=Sri+Venkateswara+Theatre+Maddilapalem+Visakhapatnam,Estimated show timings
Sarada Theatre Maddilapalem,3.7,2600,"Maddilapalem, Visakhapatnam",Maddilapalem,Visakhapatnam,Andhra Pradesh,IN,,,Cinema - Single Screen,2D,Digital,Standard,1,Yes,10:00 AM,01:30 PM,06:00 PM,09:30 PM,No,₹70 - ₹160,₹70 - ₹130,Snacks available,Street parking,No,No,Yes,Yes,Weekdays,Moderate,Classic single screen in Maddilapalem,"Local audience, Telugu films",₹150 - ₹320 per person,"Maddilapalem Market, INOX CMR Central nearby",https://www.google.com/maps/search/?api=1&query=Sarada+Theatre+Maddilapalem+Visakhapatnam,Estimated show timings
Lata Theatre Urvasi,3.7,2800,"Urvasi Junction Road, near Urvasi Theatre, Visakhapatnam",Urvasi,Visakhapatnam,Andhra Pradesh,IN,,,Cinema - Single Screen,2D,Digital,Standard,1,Yes,10:00 AM,01:30 PM,06:00 PM,09:30 PM,No,₹70 - ₹160,₹70 - ₹130,Snacks available,Street parking,No,No,Yes,Yes,Weekdays,Moderate,Single screen near Urvasi Junction,"Local audience, Telugu films",₹150 - ₹320 per person,"Urvasi Theatre, Bowdara Road",https://www.google.com/maps/search/?api=1&query=Lata+Theatre+Urvasi+Visakhapatnam,Estimated show timings
Sirimane Theatre,3.6,2000,"Bowdara Road, Urvasi Area, Visakhapatnam",Bowdara Road,Visakhapatnam,Andhra Pradesh,IN,,,Cinema - Single Screen,2D,Digital,Standard,1,Partial,10:00 AM,01:30 PM,06:00 PM,09:30 PM,No,₹60 - ₹140,₹60 - ₹110,Limited snacks,Street parking,No,No,Yes,No,Weekdays,Low to moderate,Local budget cinema on Bowdara Road,"Budget entertainment, Local audience",₹130 - ₹260 per person,"Urvasi Junction, Bowdara Ring Road",https://www.google.com/maps/search/?api=1&query=Sirimane+Theatre+Visakhapatnam,Estimated show timings
Sri Sai Ram Theatre Pendurthi,3.7,2300,"Pendurthi Main Road, Visakhapatnam",Pendurthi,Visakhapatnam,Andhra Pradesh,IN,,,Cinema - Single Screen,2D,Digital,Standard,1,Yes,10:00 AM,01:30 PM,06:00 PM,09:30 PM,No,₹70 - ₹160,₹70 - ₹130,Snacks available,Available,No,No,Yes,Yes,Weekdays,Moderate,Serving Pendurthi township community,"Pendurthi local audience, Family",₹150 - ₹320 per person,"Pendurthi Market, Pendurthi Junction",https://www.google.com/maps/search/?api=1&query=Sri+Sai+Ram+Theatre+Pendurthi+Visakhapatnam,Estimated show timings
Bhavani Talkies Bheemunipatnam,3.8,2100,"Bheemunipatnam Beach Road, Visakhapatnam District",Bheemunipatnam,Visakhapatnam,Andhra Pradesh,IN,,,Cinema - Single Screen,2D,Digital,Standard,1,Yes,10:00 AM,01:30 PM,06:00 PM,09:30 PM,No,₹70 - ₹160,₹70 - ₹130,Snacks available,Available,No,No,Yes,Yes,Weekends,Moderate,Coastal town cinema near Bheemunipatnam Beach,"Coastal tourists, Local audience",₹150 - ₹320 per person,"Bheemunipatnam Beach, Dutch Cemetery, Fort",https://www.google.com/maps/search/?api=1&query=Bhavani+Talkies+Bheemunipatnam+Visakhapatnam,Estimated show timings
Varaha Theatre Simhachalam,3.6,1900,"Simhachalam Main Road, near Simhachalam Temple",Simhachalam,Visakhapatnam,Andhra Pradesh,IN,,,Cinema - Single Screen,2D,Digital,Standard,1,Partial,10:00 AM,01:30 PM,06:00 PM,09:30 PM,No,₹60 - ₹140,₹60 - ₹110,Snacks available,Available,No,No,Yes,No,Weekdays,Moderate,Theatre near Simhachalam Temple area,"Pilgrims, Local audience",₹130 - ₹260 per person,"Simhachalam Temple, Kailasagiri",https://www.google.com/maps/search/?api=1&query=Varaha+Theatre+Simhachalam+Visakhapatnam,Estimated show timings
