Beach Name,Speciality,Unique Feature,Type,Entry Fee (INR),Open Hours,Best Season,Water Safety,Water Sports Available,Nearest Landmark,Distance from City Centre (km),Crowd Level,Ideal For,Activities,Famous For
Ramakrishna Beach,Most iconic city beach with 3 km promenade,INS Kursura Submarine Museum on beach,Urban / City Beach,Free,Open 24 hrs,Oct – Feb,Swim with Caution,Jet Skiing; Boating,Beach Road,0,Very High,Families; Tourists; Evening Walkers,Walking; Street Food; Boating; Sightseeing,Submarine Museum; Kali Mata Temple; Tsunami Memorial
Rushikonda Beach,Premier water sports destination of Vizag,Blue Flag certified beach with green hill backdrop,Adventure / Water Sports Beach,Free (Sports charges apply),6 AM – 8 PM,Oct – Mar,Swim with Caution,Surfing; Jet Skiing; Parasailing; Kayaking; Banana Boat,Rushikonda Hill,8,High,Adventure Seekers; Youth; Water Sport Enthusiasts,Surfing; Jet Skiing; Parasailing; Kayaking; Swimming,Blue Flag Beach; Water Sports Hub; Scenic Hills
Yarada Beach,Most secluded natural beach near Vizag,Crescent-shaped bay enclosed by cliffs and hills,Secluded / Nature Beach,Free,6 AM – 6 PM,Nov – Feb,Swim with Caution,None (No infrastructure),Dolphin's Nose Lighthouse,15,Very Low,Peace Seekers; Couples; Photographers,Sightseeing; Photography; Relaxation,Natural Crescent Bay; Lighthouse View; Untouched Shoreline
Bheemunipatnam Beach,Oldest beach town with Dutch colonial heritage,Dutch cemetery and ruins dating back 400 years,Heritage / Historical Beach,Free,Open 24 hrs,Oct – Mar,Safe for Swimming,Boating,Dutch Cemetery,24,Low,History Lovers; Families; Swimmers,Swimming; History Walk; Relaxation; Photography,Dutch Colonial Ruins; Calm Waters; Long Uncluttered Shoreline
Lawson Beach,Quiet cove between RK and Rushikonda,Natural sheltered cove hidden from main road,Cove / Local Beach,Free,5 AM – 9 PM,Oct – Feb,Swim with Caution,None,Lawson's Bay Colony,3,Low,Local Residents; Evening Walkers; Couples,Evening Strolls; Relaxation; Photography,Hidden Cove; Peaceful Atmosphere; Less Crowded
Sagar Nagar Beach,Sunrise beach in a clean residential locality,Calm morning atmosphere with clean shoreline,Residential / Sunrise Beach,Free,Open 24 hrs,Oct – Feb,Swim with Caution,None,Sagar Nagar Township,5,Low,Morning Walkers; Yoga Enthusiasts; Locals,Morning Walks; Yoga; Relaxation; Sunrise Viewing,Sunrise Views; Clean Beach; Calm Morning Atmosphere
Mangamaripeta Beach,Rare red sand dunes with casuarina forest,Distinctive red laterite sand dunes unique in AP,Offbeat / Nature Beach,Free,6 AM – 6 PM,Nov – Feb,Swim with Caution,None,Mangamaripeta Village,18,Very Low,Nature Lovers; Offbeat Travellers; Photographers,Photography; Nature Walk; Relaxation,Red Sand Dunes; Casuarina Groves; Hidden Gem
Thotlakonda Beach,Ancient Buddhist monastery complex overlooking the sea,2000-year-old hilltop Buddhist ruins with sea views,Heritage / Archaeological Beach,Free (Complex: ₹25),9 AM – 5 PM (complex),Oct – Mar,Swim with Caution,None,Thotlakonda ASI Site,15,Low,History Buffs; Spirituality Seekers; Trekkers,Sightseeing; Archaeology; Photography; Trekking,Buddhist Ruins; Hilltop Sea View; Archaeological Museum
Tenneti Park Beach,Cliff-top garden park with panoramic sea view,Beautifully landscaped park on a rocky cliff edge,Park / Viewpoint Beach,₹10,6 AM – 8 PM,Oct – Feb,Safe (viewing only),None,Waltair Uplands,4,Moderate,Families; Couples; Senior Citizens,Garden Walk; Viewpoint Photography; Relaxation,Cliff-top Garden; Panoramic Bay View; Romantic Sunset Spot
Gangavaram Beach,Industrial port backdrop meets natural seashore,Contrast of port cranes and natural beach photographer's delight,Offbeat / Industrial Backdrop Beach,Free,Open 24 hrs,Oct – Mar,Swim with Caution,None,Gangavaram Port,12,Very Low,Photographers; Offbeat Travellers,Photography; Relaxation; Sightseeing,Port-Beach Contrast; Industrial Scenery; Uncrowded Shore
Appikonda Beach,Pristine beach next to traditional fishing village,Authentic local fishing community on untouched shore,Fishing Village / Cultural Beach,Free,Open 24 hrs,Nov – Feb,Safe for Swimming,None,Bheemili Town,30,Very Low,Culture Seekers; Peace Lovers; Backpackers,Cultural Experience; Photography; Relaxation; Bird Watching,Fishing Boats; Village Life; Clean Shore; Local Culture
Tanthadi Beach,Rocky shoreline with natural tidal pools,Natural tidal pool ecosystem with rare sea creatures,Rocky / Tidal Pool Beach,Free,Open 24 hrs,Oct – Mar,Swim with Caution,None,Bheemunipatnam,22,Very Low,Nature Enthusiasts; Marine Life Lovers; Trekkers,Tidal Pool Exploration; Shell Collecting; Photography; Trekking,Tidal Pools; Rocky Outcrops; Marine Biodiversity; Pristine
Mutyalampalem Beach,Pearl Beach famous for colourful dawn fishing fleet,Vibrant fleet of painted fishing boats at sunrise,Fishing / Sunrise Beach,Free,Open 24 hrs,Nov – Feb,Swim with Caution,None,Mutyalampalem Village,10,Very Low,Early Risers; Photographers; Fishing Enthusiasts,Sunrise Photography; Cultural Experience; Beach Walk,Colourful Fishing Boats at Dawn; Pearl Beach Nickname; Village Atmosphere
Kondakarla Ava Beach,Only beach bordering a large brackish backwater lake,Unique ecosystem where sea meets freshwater lagoon rare birdwatching,Backwater / Birdwatching Beach,Free,6 AM – 6 PM,Nov – Jan,Safe (lake area),None (Boating on lake),Kondakarla Lake,40,Very Low,Birdwatchers; Nature Photographers; Eco-tourists,Birdwatching; Boating; Nature Photography; Eco-tourism,Migratory Birds; Brackish Lagoon; Dual Ecosystem; Eco-tourism
Kapuluppada Beach,Hidden scenic cliff beach,Beautiful cliffside beach with peaceful atmosphere,Scenic / Cliff Beach,Free,Open 24 hrs,Oct – Feb,Swim with Caution,None,Kapuluppada Village,14,Low,Couples; Nature Lovers; Photographers,Photography; Relaxation; Sunset Viewing,Cliff Views; Peaceful Shoreline; Less Crowded
Divis Beach,Industrial coastal beach,Quiet coastal beach near industrial zone,Industrial / Local Beach,Free,Open 24 hrs,Nov – Feb,Swim with Caution,None,Divis Laboratories,20,Very Low,Locals; Offbeat Travellers,Walking; Relaxation; Photography,Industrial Coastal View; Quiet Atmosphere
Pudimadaka Beach,Fishing village beach,Peaceful beach with colourful fishing boats and sunsets,Fishing Village Beach,Free,Open 24 hrs,Nov – Feb,Safe for Swimming,None,Pudimadaka Village,35,Very Low,Fishing Enthusiasts; Families; Peace Seekers,Fishing; Photography; Relaxation; Village Walks,Fishing Harbour; Sunset Views; Traditional Village Life
Mutyalammapalem Beach,Calm hidden beach,Less crowded beach with scenic coastline,Hidden / Nature Beach,Free,Open 24 hrs,Oct – Feb,Swim with Caution,None,Mutyalammapalem Village,11,Very Low,Nature Lovers; Couples; Solo Travellers,Relaxation; Nature Walk; Photography,Hidden Shoreline; Calm Environment; Scenic Coast
Jodugullapalem Beach,Rocky scenic beach,Beautiful rocky coastline popular for sunsets,Rocky / Scenic Beach,Free,Open 24 hrs,Oct – Feb,Swim with Caution,None,Jodugullapalem Village,7,Low,Photographers; Couples; Evening Visitors,Photography; Walking; Relaxation,Rocky Shoreline; Sunset Point; Peaceful Ambience